/*
SQLyog Community v13.1.7 (64 bit)
MySQL - 10.4.24-MariaDB : Database - southwell
*********************************************************************
*/

/*!40101 SET NAMES utf8 */;

/*!40101 SET SQL_MODE=''*/;

/*!40014 SET @OLD_UNIQUE_CHECKS=@@UNIQUE_CHECKS, UNIQUE_CHECKS=0 */;
/*!40014 SET @OLD_FOREIGN_KEY_CHECKS=@@FOREIGN_KEY_CHECKS, FOREIGN_KEY_CHECKS=0 */;
/*!40101 SET @OLD_SQL_MODE=@@SQL_MODE, SQL_MODE='NO_AUTO_VALUE_ON_ZERO' */;
/*!40111 SET @OLD_SQL_NOTES=@@SQL_NOTES, SQL_NOTES=0 */;
CREATE DATABASE /*!32312 IF NOT EXISTS*/`southwell` /*!40100 DEFAULT CHARACTER SET utf8mb4 */;

USE `southwell`;

/*Table structure for table `blood_groups` */

DROP TABLE IF EXISTS `blood_groups`;

CREATE TABLE `blood_groups` (
  `id` int(10) unsigned NOT NULL AUTO_INCREMENT,
  `name` varchar(255) COLLATE utf8mb4_unicode_ci NOT NULL,
  `created_at` timestamp NULL DEFAULT NULL,
  `updated_at` timestamp NULL DEFAULT NULL,
  PRIMARY KEY (`id`)
) ENGINE=InnoDB AUTO_INCREMENT=9 DEFAULT CHARSET=utf8mb4 COLLATE=utf8mb4_unicode_ci;

/*Data for the table `blood_groups` */

insert  into `blood_groups`(`id`,`name`,`created_at`,`updated_at`) values 
(1,'O-','2022-08-10 20:27:09','2022-08-10 20:27:09'),
(2,'O+','2022-08-10 20:27:09','2022-08-10 20:27:09'),
(3,'A+','2022-08-10 20:27:09','2022-08-10 20:27:09'),
(4,'A-','2022-08-10 20:27:09','2022-08-10 20:27:09'),
(5,'B+','2022-08-10 20:27:09','2022-08-10 20:27:09'),
(6,'B-','2022-08-10 20:27:09','2022-08-10 20:27:09'),
(7,'AB+','2022-08-10 20:27:09','2022-08-10 20:27:09'),
(8,'AB-','2022-08-10 20:27:09','2022-08-10 20:27:09');

/*Table structure for table `book_requests` */

DROP TABLE IF EXISTS `book_requests`;

CREATE TABLE `book_requests` (
  `id` int(10) unsigned NOT NULL AUTO_INCREMENT,
  `book_id` int(10) unsigned NOT NULL,
  `user_id` int(10) unsigned NOT NULL,
  `start_date` varchar(255) COLLATE utf8mb4_unicode_ci NOT NULL,
  `end_date` varchar(255) COLLATE utf8mb4_unicode_ci NOT NULL,
  `returned` varchar(255) COLLATE utf8mb4_unicode_ci NOT NULL DEFAULT '0',
  `status` varchar(255) COLLATE utf8mb4_unicode_ci DEFAULT NULL,
  `created_at` timestamp NULL DEFAULT NULL,
  `updated_at` timestamp NULL DEFAULT NULL,
  PRIMARY KEY (`id`),
  KEY `book_requests_book_id_foreign` (`book_id`),
  KEY `book_requests_user_id_foreign` (`user_id`),
  CONSTRAINT `book_requests_book_id_foreign` FOREIGN KEY (`book_id`) REFERENCES `books` (`id`) ON DELETE CASCADE,
  CONSTRAINT `book_requests_user_id_foreign` FOREIGN KEY (`user_id`) REFERENCES `users` (`id`) ON DELETE CASCADE
) ENGINE=InnoDB DEFAULT CHARSET=utf8mb4 COLLATE=utf8mb4_unicode_ci;

/*Data for the table `book_requests` */

/*Table structure for table `books` */

DROP TABLE IF EXISTS `books`;

CREATE TABLE `books` (
  `id` int(10) unsigned NOT NULL AUTO_INCREMENT,
  `name` varchar(100) COLLATE utf8mb4_unicode_ci NOT NULL,
  `my_class_id` int(10) unsigned DEFAULT NULL,
  `description` varchar(255) COLLATE utf8mb4_unicode_ci DEFAULT NULL,
  `author` varchar(255) COLLATE utf8mb4_unicode_ci DEFAULT NULL,
  `book_type` varchar(255) COLLATE utf8mb4_unicode_ci DEFAULT NULL,
  `url` varchar(255) COLLATE utf8mb4_unicode_ci DEFAULT NULL,
  `location` varchar(255) COLLATE utf8mb4_unicode_ci DEFAULT NULL,
  `total_copies` int(11) DEFAULT NULL,
  `issued_copies` int(11) DEFAULT NULL,
  `created_at` timestamp NULL DEFAULT NULL,
  `updated_at` timestamp NULL DEFAULT NULL,
  PRIMARY KEY (`id`),
  KEY `books_my_class_id_foreign` (`my_class_id`),
  CONSTRAINT `books_my_class_id_foreign` FOREIGN KEY (`my_class_id`) REFERENCES `my_classes` (`id`) ON DELETE CASCADE
) ENGINE=InnoDB DEFAULT CHARSET=utf8mb4 COLLATE=utf8mb4_unicode_ci;

/*Data for the table `books` */

/*Table structure for table `class_types` */

DROP TABLE IF EXISTS `class_types`;

CREATE TABLE `class_types` (
  `id` int(10) unsigned NOT NULL AUTO_INCREMENT,
  `name` varchar(255) COLLATE utf8mb4_unicode_ci NOT NULL,
  `code` varchar(255) COLLATE utf8mb4_unicode_ci NOT NULL,
  `created_at` timestamp NULL DEFAULT NULL,
  `updated_at` timestamp NULL DEFAULT NULL,
  PRIMARY KEY (`id`)
) ENGINE=InnoDB AUTO_INCREMENT=7 DEFAULT CHARSET=utf8mb4 COLLATE=utf8mb4_unicode_ci;

/*Data for the table `class_types` */

insert  into `class_types`(`id`,`name`,`code`,`created_at`,`updated_at`) values 
(1,'Creche','C',NULL,NULL),
(2,'Pre Nursery','PN',NULL,NULL),
(3,'Nursery','N',NULL,NULL),
(4,'Primary','P',NULL,NULL),
(5,'Junior Secondary','J',NULL,NULL),
(6,'Senior Secondary','S',NULL,NULL);

/*Table structure for table `dorms` */

DROP TABLE IF EXISTS `dorms`;

CREATE TABLE `dorms` (
  `id` int(10) unsigned NOT NULL AUTO_INCREMENT,
  `name` varchar(100) COLLATE utf8mb4_unicode_ci NOT NULL,
  `description` varchar(255) COLLATE utf8mb4_unicode_ci DEFAULT NULL,
  `created_at` timestamp NULL DEFAULT NULL,
  `updated_at` timestamp NULL DEFAULT NULL,
  PRIMARY KEY (`id`),
  UNIQUE KEY `dorms_name_unique` (`name`)
) ENGINE=InnoDB AUTO_INCREMENT=6 DEFAULT CHARSET=utf8mb4 COLLATE=utf8mb4_unicode_ci;

/*Data for the table `dorms` */

insert  into `dorms`(`id`,`name`,`description`,`created_at`,`updated_at`) values 
(1,'Faith Hostel',NULL,NULL,NULL),
(2,'Peace Hostel',NULL,NULL,NULL),
(3,'Grace Hostel',NULL,NULL,NULL),
(4,'Success Hostel',NULL,NULL,NULL),
(5,'Trust Hostel',NULL,NULL,NULL);

/*Table structure for table `exam_records` */

DROP TABLE IF EXISTS `exam_records`;

CREATE TABLE `exam_records` (
  `id` int(10) unsigned NOT NULL AUTO_INCREMENT,
  `exam_id` int(10) unsigned NOT NULL,
  `student_id` int(10) unsigned NOT NULL,
  `my_class_id` int(10) unsigned NOT NULL,
  `section_id` int(10) unsigned NOT NULL,
  `total` int(11) DEFAULT NULL,
  `ave` varchar(255) COLLATE utf8mb4_unicode_ci DEFAULT NULL,
  `class_ave` varchar(255) COLLATE utf8mb4_unicode_ci DEFAULT NULL,
  `pos` int(11) DEFAULT NULL,
  `af` varchar(255) COLLATE utf8mb4_unicode_ci DEFAULT NULL,
  `ps` varchar(255) COLLATE utf8mb4_unicode_ci DEFAULT NULL,
  `p_comment` varchar(255) COLLATE utf8mb4_unicode_ci DEFAULT NULL,
  `t_comment` varchar(255) COLLATE utf8mb4_unicode_ci DEFAULT NULL,
  `year` varchar(255) COLLATE utf8mb4_unicode_ci NOT NULL,
  `created_at` timestamp NULL DEFAULT NULL,
  `updated_at` timestamp NULL DEFAULT NULL,
  PRIMARY KEY (`id`),
  KEY `exam_records_exam_id_foreign` (`exam_id`),
  KEY `exam_records_my_class_id_foreign` (`my_class_id`),
  KEY `exam_records_student_id_foreign` (`student_id`),
  KEY `exam_records_section_id_foreign` (`section_id`),
  CONSTRAINT `exam_records_exam_id_foreign` FOREIGN KEY (`exam_id`) REFERENCES `exams` (`id`) ON DELETE CASCADE,
  CONSTRAINT `exam_records_my_class_id_foreign` FOREIGN KEY (`my_class_id`) REFERENCES `my_classes` (`id`) ON DELETE CASCADE,
  CONSTRAINT `exam_records_section_id_foreign` FOREIGN KEY (`section_id`) REFERENCES `sections` (`id`) ON DELETE CASCADE,
  CONSTRAINT `exam_records_student_id_foreign` FOREIGN KEY (`student_id`) REFERENCES `users` (`id`) ON DELETE CASCADE
) ENGINE=InnoDB DEFAULT CHARSET=utf8mb4 COLLATE=utf8mb4_unicode_ci;

/*Data for the table `exam_records` */

/*Table structure for table `exams` */

DROP TABLE IF EXISTS `exams`;

CREATE TABLE `exams` (
  `id` int(10) unsigned NOT NULL AUTO_INCREMENT,
  `name` varchar(255) COLLATE utf8mb4_unicode_ci NOT NULL,
  `term` tinyint(4) NOT NULL,
  `year` varchar(40) COLLATE utf8mb4_unicode_ci NOT NULL,
  `created_at` timestamp NULL DEFAULT NULL,
  `updated_at` timestamp NULL DEFAULT NULL,
  PRIMARY KEY (`id`),
  UNIQUE KEY `exams_term_year_unique` (`term`,`year`)
) ENGINE=InnoDB DEFAULT CHARSET=utf8mb4 COLLATE=utf8mb4_unicode_ci;

/*Data for the table `exams` */

/*Table structure for table `grades` */

DROP TABLE IF EXISTS `grades`;

CREATE TABLE `grades` (
  `id` int(10) unsigned NOT NULL AUTO_INCREMENT,
  `name` varchar(40) COLLATE utf8mb4_unicode_ci NOT NULL,
  `class_type_id` int(10) unsigned DEFAULT NULL,
  `mark_from` tinyint(4) NOT NULL,
  `mark_to` tinyint(4) NOT NULL,
  `remark` varchar(40) COLLATE utf8mb4_unicode_ci DEFAULT NULL,
  `created_at` timestamp NULL DEFAULT NULL,
  `updated_at` timestamp NULL DEFAULT NULL,
  PRIMARY KEY (`id`),
  UNIQUE KEY `grades_name_class_type_id_remark_unique` (`name`,`class_type_id`,`remark`),
  KEY `grades_class_type_id_foreign` (`class_type_id`),
  CONSTRAINT `grades_class_type_id_foreign` FOREIGN KEY (`class_type_id`) REFERENCES `class_types` (`id`) ON DELETE CASCADE
) ENGINE=InnoDB AUTO_INCREMENT=7 DEFAULT CHARSET=utf8mb4 COLLATE=utf8mb4_unicode_ci;

/*Data for the table `grades` */

insert  into `grades`(`id`,`name`,`class_type_id`,`mark_from`,`mark_to`,`remark`,`created_at`,`updated_at`) values 
(1,'A',NULL,70,100,'Excellent',NULL,NULL),
(2,'B',NULL,60,69,'Very Good',NULL,NULL),
(3,'C',NULL,50,59,'Good',NULL,NULL),
(4,'D',NULL,45,49,'Pass',NULL,NULL),
(5,'E',NULL,40,44,'Poor',NULL,NULL),
(6,'F',NULL,0,39,'Fail',NULL,NULL);

/*Table structure for table `lgas` */

DROP TABLE IF EXISTS `lgas`;

CREATE TABLE `lgas` (
  `id` int(10) unsigned NOT NULL AUTO_INCREMENT,
  `state_id` int(10) unsigned NOT NULL,
  `name` varchar(255) COLLATE utf8mb4_unicode_ci NOT NULL,
  `created_at` timestamp NULL DEFAULT NULL,
  `updated_at` timestamp NULL DEFAULT NULL,
  PRIMARY KEY (`id`),
  KEY `lgas_state_id_foreign` (`state_id`),
  CONSTRAINT `lgas_state_id_foreign` FOREIGN KEY (`state_id`) REFERENCES `states` (`id`) ON DELETE CASCADE
) ENGINE=InnoDB AUTO_INCREMENT=775 DEFAULT CHARSET=utf8mb4 COLLATE=utf8mb4_unicode_ci;

/*Data for the table `lgas` */

insert  into `lgas`(`id`,`state_id`,`name`,`created_at`,`updated_at`) values 
(1,1,'Aba North','2022-08-10 20:27:10','2022-08-10 20:27:10'),
(2,1,'Aba South','2022-08-10 20:27:10','2022-08-10 20:27:10'),
(3,1,'Arochukwu','2022-08-10 20:27:10','2022-08-10 20:27:10'),
(4,1,'Bende','2022-08-10 20:27:10','2022-08-10 20:27:10'),
(5,1,'Ikwuano','2022-08-10 20:27:10','2022-08-10 20:27:10'),
(6,1,'Isiala Ngwa North','2022-08-10 20:27:10','2022-08-10 20:27:10'),
(7,1,'Isiala Ngwa South','2022-08-10 20:27:10','2022-08-10 20:27:10'),
(8,1,'Isuikwuato','2022-08-10 20:27:10','2022-08-10 20:27:10'),
(9,1,'Obi Ngwa','2022-08-10 20:27:10','2022-08-10 20:27:10'),
(10,1,'Ohafia','2022-08-10 20:27:10','2022-08-10 20:27:10'),
(11,1,'Osisioma','2022-08-10 20:27:10','2022-08-10 20:27:10'),
(12,1,'Ugwunagbo','2022-08-10 20:27:10','2022-08-10 20:27:10'),
(13,1,'Ukwa East','2022-08-10 20:27:10','2022-08-10 20:27:10'),
(14,1,'Ukwa West','2022-08-10 20:27:10','2022-08-10 20:27:10'),
(15,1,'Umuahia North','2022-08-10 20:27:10','2022-08-10 20:27:10'),
(16,1,'Umuahia South','2022-08-10 20:27:10','2022-08-10 20:27:10'),
(17,1,'Umu Nneochi','2022-08-10 20:27:10','2022-08-10 20:27:10'),
(18,2,'Demsa','2022-08-10 20:27:10','2022-08-10 20:27:10'),
(19,2,'Fufure','2022-08-10 20:27:10','2022-08-10 20:27:10'),
(20,2,'Ganye','2022-08-10 20:27:10','2022-08-10 20:27:10'),
(21,2,'Gayuk','2022-08-10 20:27:10','2022-08-10 20:27:10'),
(22,2,'Gombi','2022-08-10 20:27:10','2022-08-10 20:27:10'),
(23,2,'Grie','2022-08-10 20:27:10','2022-08-10 20:27:10'),
(24,2,'Hong','2022-08-10 20:27:10','2022-08-10 20:27:10'),
(25,2,'Jada','2022-08-10 20:27:10','2022-08-10 20:27:10'),
(26,2,'Larmurde','2022-08-10 20:27:10','2022-08-10 20:27:10'),
(27,2,'Madagali','2022-08-10 20:27:10','2022-08-10 20:27:10'),
(28,2,'Maiha','2022-08-10 20:27:10','2022-08-10 20:27:10'),
(29,2,'Mayo Belwa','2022-08-10 20:27:10','2022-08-10 20:27:10'),
(30,2,'Michika','2022-08-10 20:27:10','2022-08-10 20:27:10'),
(31,2,'Mubi North','2022-08-10 20:27:10','2022-08-10 20:27:10'),
(32,2,'Mubi South','2022-08-10 20:27:10','2022-08-10 20:27:10'),
(33,2,'Numan','2022-08-10 20:27:10','2022-08-10 20:27:10'),
(34,2,'Shelleng','2022-08-10 20:27:10','2022-08-10 20:27:10'),
(35,2,'Song','2022-08-10 20:27:10','2022-08-10 20:27:10'),
(36,2,'Toungo','2022-08-10 20:27:10','2022-08-10 20:27:10'),
(37,2,'Yola North','2022-08-10 20:27:10','2022-08-10 20:27:10'),
(38,2,'Yola South','2022-08-10 20:27:10','2022-08-10 20:27:10'),
(39,3,'Abak','2022-08-10 20:27:10','2022-08-10 20:27:10'),
(40,3,'Eastern Obolo','2022-08-10 20:27:10','2022-08-10 20:27:10'),
(41,3,'Eket','2022-08-10 20:27:10','2022-08-10 20:27:10'),
(42,3,'Esit Eket','2022-08-10 20:27:10','2022-08-10 20:27:10'),
(43,3,'Essien Udim','2022-08-10 20:27:10','2022-08-10 20:27:10'),
(44,3,'Etim Ekpo','2022-08-10 20:27:10','2022-08-10 20:27:10'),
(45,3,'Etinan','2022-08-10 20:27:10','2022-08-10 20:27:10'),
(46,3,'Ibeno','2022-08-10 20:27:10','2022-08-10 20:27:10'),
(47,3,'Ibesikpo Asutan','2022-08-10 20:27:10','2022-08-10 20:27:10'),
(48,3,'Ibiono-Ibom','2022-08-10 20:27:10','2022-08-10 20:27:10'),
(49,3,'Ika','2022-08-10 20:27:10','2022-08-10 20:27:10'),
(50,3,'Ikono','2022-08-10 20:27:10','2022-08-10 20:27:10'),
(51,3,'Ikot Abasi','2022-08-10 20:27:10','2022-08-10 20:27:10'),
(52,3,'Ikot Ekpene','2022-08-10 20:27:10','2022-08-10 20:27:10'),
(53,3,'Ini','2022-08-10 20:27:10','2022-08-10 20:27:10'),
(54,3,'Itu','2022-08-10 20:27:10','2022-08-10 20:27:10'),
(55,3,'Mbo','2022-08-10 20:27:10','2022-08-10 20:27:10'),
(56,3,'Mkpat-Enin','2022-08-10 20:27:10','2022-08-10 20:27:10'),
(57,3,'Nsit-Atai','2022-08-10 20:27:10','2022-08-10 20:27:10'),
(58,3,'Nsit-Ibom','2022-08-10 20:27:10','2022-08-10 20:27:10'),
(59,3,'Nsit-Ubium','2022-08-10 20:27:10','2022-08-10 20:27:10'),
(60,3,'Obot Akara','2022-08-10 20:27:10','2022-08-10 20:27:10'),
(61,3,'Okobo','2022-08-10 20:27:10','2022-08-10 20:27:10'),
(62,3,'Onna','2022-08-10 20:27:10','2022-08-10 20:27:10'),
(63,3,'Oron','2022-08-10 20:27:10','2022-08-10 20:27:10'),
(64,3,'Oruk Anam','2022-08-10 20:27:10','2022-08-10 20:27:10'),
(65,3,'Udung-Uko','2022-08-10 20:27:10','2022-08-10 20:27:10'),
(66,3,'Ukanafun','2022-08-10 20:27:10','2022-08-10 20:27:10'),
(67,3,'Uruan','2022-08-10 20:27:10','2022-08-10 20:27:10'),
(68,3,'Urue-Offong/Oruko','2022-08-10 20:27:10','2022-08-10 20:27:10'),
(69,3,'Uyo','2022-08-10 20:27:10','2022-08-10 20:27:10'),
(70,4,'Aguata','2022-08-10 20:27:10','2022-08-10 20:27:10'),
(71,4,'Anambra East','2022-08-10 20:27:10','2022-08-10 20:27:10'),
(72,4,'Anambra West','2022-08-10 20:27:10','2022-08-10 20:27:10'),
(73,4,'Anaocha','2022-08-10 20:27:10','2022-08-10 20:27:10'),
(74,4,'Awka North','2022-08-10 20:27:10','2022-08-10 20:27:10'),
(75,4,'Awka South','2022-08-10 20:27:10','2022-08-10 20:27:10'),
(76,4,'Ayamelum','2022-08-10 20:27:10','2022-08-10 20:27:10'),
(77,4,'Dunukofia','2022-08-10 20:27:11','2022-08-10 20:27:11'),
(78,4,'Ekwusigo','2022-08-10 20:27:11','2022-08-10 20:27:11'),
(79,4,'Idemili North','2022-08-10 20:27:11','2022-08-10 20:27:11'),
(80,4,'Idemili South','2022-08-10 20:27:11','2022-08-10 20:27:11'),
(81,4,'Ihiala','2022-08-10 20:27:11','2022-08-10 20:27:11'),
(82,4,'Njikoka','2022-08-10 20:27:11','2022-08-10 20:27:11'),
(83,4,'Nnewi North','2022-08-10 20:27:11','2022-08-10 20:27:11'),
(84,4,'Nnewi South','2022-08-10 20:27:11','2022-08-10 20:27:11'),
(85,4,'Ogbaru','2022-08-10 20:27:11','2022-08-10 20:27:11'),
(86,4,'Onitsha North','2022-08-10 20:27:11','2022-08-10 20:27:11'),
(87,4,'Onitsha South','2022-08-10 20:27:11','2022-08-10 20:27:11'),
(88,4,'Orumba North','2022-08-10 20:27:11','2022-08-10 20:27:11'),
(89,4,'Orumba South','2022-08-10 20:27:11','2022-08-10 20:27:11'),
(90,4,'Oyi','2022-08-10 20:27:11','2022-08-10 20:27:11'),
(91,5,'Alkaleri','2022-08-10 20:27:11','2022-08-10 20:27:11'),
(92,5,'Bauchi','2022-08-10 20:27:11','2022-08-10 20:27:11'),
(93,5,'Bogoro','2022-08-10 20:27:11','2022-08-10 20:27:11'),
(94,5,'Damban','2022-08-10 20:27:11','2022-08-10 20:27:11'),
(95,5,'Darazo','2022-08-10 20:27:11','2022-08-10 20:27:11'),
(96,5,'Dass','2022-08-10 20:27:11','2022-08-10 20:27:11'),
(97,5,'Gamawa','2022-08-10 20:27:11','2022-08-10 20:27:11'),
(98,5,'Ganjuwa','2022-08-10 20:27:11','2022-08-10 20:27:11'),
(99,5,'Giade','2022-08-10 20:27:11','2022-08-10 20:27:11'),
(100,5,'Itas/Gadau','2022-08-10 20:27:11','2022-08-10 20:27:11'),
(101,5,'Jama\'are','2022-08-10 20:27:11','2022-08-10 20:27:11'),
(102,5,'Katagum','2022-08-10 20:27:11','2022-08-10 20:27:11'),
(103,5,'Kirfi','2022-08-10 20:27:11','2022-08-10 20:27:11'),
(104,5,'Misau','2022-08-10 20:27:11','2022-08-10 20:27:11'),
(105,5,'Ningi','2022-08-10 20:27:11','2022-08-10 20:27:11'),
(106,5,'Shira','2022-08-10 20:27:11','2022-08-10 20:27:11'),
(107,5,'Tafawa Balewa','2022-08-10 20:27:11','2022-08-10 20:27:11'),
(108,5,'Toro','2022-08-10 20:27:11','2022-08-10 20:27:11'),
(109,5,'Warji','2022-08-10 20:27:11','2022-08-10 20:27:11'),
(110,5,'Zaki','2022-08-10 20:27:11','2022-08-10 20:27:11'),
(111,6,'Brass','2022-08-10 20:27:11','2022-08-10 20:27:11'),
(112,6,'Ekeremor','2022-08-10 20:27:11','2022-08-10 20:27:11'),
(113,6,'Kolokuma/Opokuma','2022-08-10 20:27:11','2022-08-10 20:27:11'),
(114,6,'Nembe','2022-08-10 20:27:11','2022-08-10 20:27:11'),
(115,6,'Ogbia','2022-08-10 20:27:11','2022-08-10 20:27:11'),
(116,6,'Sagbama','2022-08-10 20:27:11','2022-08-10 20:27:11'),
(117,6,'Southern Ijaw','2022-08-10 20:27:11','2022-08-10 20:27:11'),
(118,6,'Yenagoa','2022-08-10 20:27:11','2022-08-10 20:27:11'),
(119,7,'Agatu','2022-08-10 20:27:11','2022-08-10 20:27:11'),
(120,7,'Apa','2022-08-10 20:27:11','2022-08-10 20:27:11'),
(121,7,'Ado','2022-08-10 20:27:11','2022-08-10 20:27:11'),
(122,7,'Buruku','2022-08-10 20:27:11','2022-08-10 20:27:11'),
(123,7,'Gboko','2022-08-10 20:27:11','2022-08-10 20:27:11'),
(124,7,'Guma','2022-08-10 20:27:11','2022-08-10 20:27:11'),
(125,7,'Gwer East','2022-08-10 20:27:11','2022-08-10 20:27:11'),
(126,7,'Gwer West','2022-08-10 20:27:11','2022-08-10 20:27:11'),
(127,7,'Katsina-Ala','2022-08-10 20:27:11','2022-08-10 20:27:11'),
(128,7,'Konshisha','2022-08-10 20:27:11','2022-08-10 20:27:11'),
(129,7,'Kwande','2022-08-10 20:27:11','2022-08-10 20:27:11'),
(130,7,'Logo','2022-08-10 20:27:11','2022-08-10 20:27:11'),
(131,7,'Makurdi','2022-08-10 20:27:11','2022-08-10 20:27:11'),
(132,7,'Obi','2022-08-10 20:27:11','2022-08-10 20:27:11'),
(133,7,'Ogbadibo','2022-08-10 20:27:11','2022-08-10 20:27:11'),
(134,7,'Ohimini','2022-08-10 20:27:11','2022-08-10 20:27:11'),
(135,7,'Oju','2022-08-10 20:27:11','2022-08-10 20:27:11'),
(136,7,'Okpokwu','2022-08-10 20:27:11','2022-08-10 20:27:11'),
(137,7,'Oturkpo','2022-08-10 20:27:11','2022-08-10 20:27:11'),
(138,7,'Tarka','2022-08-10 20:27:11','2022-08-10 20:27:11'),
(139,7,'Ukum','2022-08-10 20:27:11','2022-08-10 20:27:11'),
(140,7,'Ushongo','2022-08-10 20:27:11','2022-08-10 20:27:11'),
(141,7,'Vandeikya','2022-08-10 20:27:11','2022-08-10 20:27:11'),
(142,8,'Abadam','2022-08-10 20:27:11','2022-08-10 20:27:11'),
(143,8,'Askira/Uba','2022-08-10 20:27:11','2022-08-10 20:27:11'),
(144,8,'Bama','2022-08-10 20:27:11','2022-08-10 20:27:11'),
(145,8,'Bayo','2022-08-10 20:27:11','2022-08-10 20:27:11'),
(146,8,'Biu','2022-08-10 20:27:11','2022-08-10 20:27:11'),
(147,8,'Chibok','2022-08-10 20:27:11','2022-08-10 20:27:11'),
(148,8,'Damboa','2022-08-10 20:27:11','2022-08-10 20:27:11'),
(149,8,'Dikwa','2022-08-10 20:27:11','2022-08-10 20:27:11'),
(150,8,'Gubio','2022-08-10 20:27:11','2022-08-10 20:27:11'),
(151,8,'Guzamala','2022-08-10 20:27:11','2022-08-10 20:27:11'),
(152,8,'Gwoza','2022-08-10 20:27:11','2022-08-10 20:27:11'),
(153,8,'Hawul','2022-08-10 20:27:11','2022-08-10 20:27:11'),
(154,8,'Jere','2022-08-10 20:27:11','2022-08-10 20:27:11'),
(155,8,'Kaga','2022-08-10 20:27:11','2022-08-10 20:27:11'),
(156,8,'Kala/Balge','2022-08-10 20:27:11','2022-08-10 20:27:11'),
(157,8,'Konduga','2022-08-10 20:27:11','2022-08-10 20:27:11'),
(158,8,'Kukawa','2022-08-10 20:27:11','2022-08-10 20:27:11'),
(159,8,'Kwaya Kusar','2022-08-10 20:27:11','2022-08-10 20:27:11'),
(160,8,'Mafa','2022-08-10 20:27:11','2022-08-10 20:27:11'),
(161,8,'Magumeri','2022-08-10 20:27:11','2022-08-10 20:27:11'),
(162,8,'Maiduguri','2022-08-10 20:27:11','2022-08-10 20:27:11'),
(163,8,'Marte','2022-08-10 20:27:11','2022-08-10 20:27:11'),
(164,8,'Mobbar','2022-08-10 20:27:11','2022-08-10 20:27:11'),
(165,8,'Monguno','2022-08-10 20:27:11','2022-08-10 20:27:11'),
(166,8,'Ngala','2022-08-10 20:27:11','2022-08-10 20:27:11'),
(167,8,'Nganzai','2022-08-10 20:27:11','2022-08-10 20:27:11'),
(168,8,'Shani','2022-08-10 20:27:11','2022-08-10 20:27:11'),
(169,9,'Abi','2022-08-10 20:27:11','2022-08-10 20:27:11'),
(170,9,'Akamkpa','2022-08-10 20:27:11','2022-08-10 20:27:11'),
(171,9,'Akpabuyo','2022-08-10 20:27:11','2022-08-10 20:27:11'),
(172,9,'Bakassi','2022-08-10 20:27:11','2022-08-10 20:27:11'),
(173,9,'Bekwarra','2022-08-10 20:27:11','2022-08-10 20:27:11'),
(174,9,'Biase','2022-08-10 20:27:11','2022-08-10 20:27:11'),
(175,9,'Boki','2022-08-10 20:27:11','2022-08-10 20:27:11'),
(176,9,'Calabar Municipal','2022-08-10 20:27:11','2022-08-10 20:27:11'),
(177,9,'Calabar South','2022-08-10 20:27:11','2022-08-10 20:27:11'),
(178,9,'Etung','2022-08-10 20:27:11','2022-08-10 20:27:11'),
(179,9,'Ikom','2022-08-10 20:27:11','2022-08-10 20:27:11'),
(180,9,'Obanliku','2022-08-10 20:27:11','2022-08-10 20:27:11'),
(181,9,'Obubra','2022-08-10 20:27:11','2022-08-10 20:27:11'),
(182,9,'Obudu','2022-08-10 20:27:11','2022-08-10 20:27:11'),
(183,9,'Odukpani','2022-08-10 20:27:11','2022-08-10 20:27:11'),
(184,9,'Ogoja','2022-08-10 20:27:11','2022-08-10 20:27:11'),
(185,9,'Yakuur','2022-08-10 20:27:11','2022-08-10 20:27:11'),
(186,9,'Yala','2022-08-10 20:27:11','2022-08-10 20:27:11'),
(187,10,'Aniocha North','2022-08-10 20:27:11','2022-08-10 20:27:11'),
(188,10,'Aniocha South','2022-08-10 20:27:11','2022-08-10 20:27:11'),
(189,10,'Bomadi','2022-08-10 20:27:11','2022-08-10 20:27:11'),
(190,10,'Burutu','2022-08-10 20:27:11','2022-08-10 20:27:11'),
(191,10,'Ethiope East','2022-08-10 20:27:11','2022-08-10 20:27:11'),
(192,10,'Ethiope West','2022-08-10 20:27:11','2022-08-10 20:27:11'),
(193,10,'Ika North East','2022-08-10 20:27:11','2022-08-10 20:27:11'),
(194,10,'Ika South','2022-08-10 20:27:11','2022-08-10 20:27:11'),
(195,10,'Isoko North','2022-08-10 20:27:11','2022-08-10 20:27:11'),
(196,10,'Isoko South','2022-08-10 20:27:11','2022-08-10 20:27:11'),
(197,10,'Ndokwa East','2022-08-10 20:27:11','2022-08-10 20:27:11'),
(198,10,'Ndokwa West','2022-08-10 20:27:11','2022-08-10 20:27:11'),
(199,10,'Okpe','2022-08-10 20:27:11','2022-08-10 20:27:11'),
(200,10,'Oshimili North','2022-08-10 20:27:11','2022-08-10 20:27:11'),
(201,10,'Oshimili South','2022-08-10 20:27:11','2022-08-10 20:27:11'),
(202,10,'Patani','2022-08-10 20:27:11','2022-08-10 20:27:11'),
(203,10,'Sapele, Delta','2022-08-10 20:27:11','2022-08-10 20:27:11'),
(204,10,'Udu','2022-08-10 20:27:11','2022-08-10 20:27:11'),
(205,10,'Ughelli North','2022-08-10 20:27:11','2022-08-10 20:27:11'),
(206,10,'Ughelli South','2022-08-10 20:27:11','2022-08-10 20:27:11'),
(207,10,'Ukwuani','2022-08-10 20:27:11','2022-08-10 20:27:11'),
(208,10,'Uvwie','2022-08-10 20:27:11','2022-08-10 20:27:11'),
(209,10,'Warri North','2022-08-10 20:27:11','2022-08-10 20:27:11'),
(210,10,'Warri South','2022-08-10 20:27:11','2022-08-10 20:27:11'),
(211,10,'Warri South West','2022-08-10 20:27:11','2022-08-10 20:27:11'),
(212,11,'Abakaliki','2022-08-10 20:27:11','2022-08-10 20:27:11'),
(213,11,'Afikpo North','2022-08-10 20:27:11','2022-08-10 20:27:11'),
(214,11,'Afikpo South','2022-08-10 20:27:11','2022-08-10 20:27:11'),
(215,11,'Ebonyi','2022-08-10 20:27:11','2022-08-10 20:27:11'),
(216,11,'Ezza North','2022-08-10 20:27:11','2022-08-10 20:27:11'),
(217,11,'Ezza South','2022-08-10 20:27:11','2022-08-10 20:27:11'),
(218,11,'Ikwo','2022-08-10 20:27:11','2022-08-10 20:27:11'),
(219,11,'Ishielu','2022-08-10 20:27:11','2022-08-10 20:27:11'),
(220,11,'Ivo','2022-08-10 20:27:11','2022-08-10 20:27:11'),
(221,11,'Izzi','2022-08-10 20:27:11','2022-08-10 20:27:11'),
(222,11,'Ohaozara','2022-08-10 20:27:11','2022-08-10 20:27:11'),
(223,11,'Ohaukwu','2022-08-10 20:27:11','2022-08-10 20:27:11'),
(224,11,'Onicha','2022-08-10 20:27:11','2022-08-10 20:27:11'),
(225,12,'Akoko-Edo','2022-08-10 20:27:11','2022-08-10 20:27:11'),
(226,12,'Egor','2022-08-10 20:27:11','2022-08-10 20:27:11'),
(227,12,'Esan Central','2022-08-10 20:27:11','2022-08-10 20:27:11'),
(228,12,'Esan North-East','2022-08-10 20:27:11','2022-08-10 20:27:11'),
(229,12,'Esan South-East','2022-08-10 20:27:11','2022-08-10 20:27:11'),
(230,12,'Esan West','2022-08-10 20:27:11','2022-08-10 20:27:11'),
(231,12,'Etsako Central','2022-08-10 20:27:11','2022-08-10 20:27:11'),
(232,12,'Etsako East','2022-08-10 20:27:11','2022-08-10 20:27:11'),
(233,12,'Etsako West','2022-08-10 20:27:11','2022-08-10 20:27:11'),
(234,12,'Igueben','2022-08-10 20:27:11','2022-08-10 20:27:11'),
(235,12,'Ikpoba Okha','2022-08-10 20:27:11','2022-08-10 20:27:11'),
(236,12,'Orhionmwon','2022-08-10 20:27:11','2022-08-10 20:27:11'),
(237,12,'Oredo','2022-08-10 20:27:11','2022-08-10 20:27:11'),
(238,12,'Ovia North-East','2022-08-10 20:27:11','2022-08-10 20:27:11'),
(239,12,'Ovia South-West','2022-08-10 20:27:11','2022-08-10 20:27:11'),
(240,12,'Owan East','2022-08-10 20:27:11','2022-08-10 20:27:11'),
(241,12,'Owan West','2022-08-10 20:27:11','2022-08-10 20:27:11'),
(242,12,'Uhunmwonde','2022-08-10 20:27:11','2022-08-10 20:27:11'),
(243,13,'Ado Ekiti','2022-08-10 20:27:11','2022-08-10 20:27:11'),
(244,13,'Efon','2022-08-10 20:27:11','2022-08-10 20:27:11'),
(245,13,'Ekiti East','2022-08-10 20:27:11','2022-08-10 20:27:11'),
(246,13,'Ekiti South-West','2022-08-10 20:27:11','2022-08-10 20:27:11'),
(247,13,'Ekiti West','2022-08-10 20:27:11','2022-08-10 20:27:11'),
(248,13,'Emure','2022-08-10 20:27:11','2022-08-10 20:27:11'),
(249,13,'Gbonyin','2022-08-10 20:27:11','2022-08-10 20:27:11'),
(250,13,'Ido Osi','2022-08-10 20:27:11','2022-08-10 20:27:11'),
(251,13,'Ijero','2022-08-10 20:27:11','2022-08-10 20:27:11'),
(252,13,'Ikere','2022-08-10 20:27:11','2022-08-10 20:27:11'),
(253,13,'Ikole','2022-08-10 20:27:11','2022-08-10 20:27:11'),
(254,13,'Ilejemeje','2022-08-10 20:27:11','2022-08-10 20:27:11'),
(255,13,'Irepodun/Ifelodun','2022-08-10 20:27:11','2022-08-10 20:27:11'),
(256,13,'Ise/Orun','2022-08-10 20:27:11','2022-08-10 20:27:11'),
(257,13,'Moba','2022-08-10 20:27:11','2022-08-10 20:27:11'),
(258,13,'Oye','2022-08-10 20:27:11','2022-08-10 20:27:11'),
(259,14,'Aninri','2022-08-10 20:27:11','2022-08-10 20:27:11'),
(260,14,'Awgu','2022-08-10 20:27:11','2022-08-10 20:27:11'),
(261,14,'Enugu East','2022-08-10 20:27:11','2022-08-10 20:27:11'),
(262,14,'Enugu North','2022-08-10 20:27:11','2022-08-10 20:27:11'),
(263,14,'Enugu South','2022-08-10 20:27:11','2022-08-10 20:27:11'),
(264,14,'Ezeagu','2022-08-10 20:27:11','2022-08-10 20:27:11'),
(265,14,'Igbo Etiti','2022-08-10 20:27:11','2022-08-10 20:27:11'),
(266,14,'Igbo Eze North','2022-08-10 20:27:11','2022-08-10 20:27:11'),
(267,14,'Igbo Eze South','2022-08-10 20:27:11','2022-08-10 20:27:11'),
(268,14,'Isi Uzo','2022-08-10 20:27:11','2022-08-10 20:27:11'),
(269,14,'Nkanu East','2022-08-10 20:27:11','2022-08-10 20:27:11'),
(270,14,'Nkanu West','2022-08-10 20:27:11','2022-08-10 20:27:11'),
(271,14,'Nsukka','2022-08-10 20:27:11','2022-08-10 20:27:11'),
(272,14,'Oji River','2022-08-10 20:27:11','2022-08-10 20:27:11'),
(273,14,'Udenu','2022-08-10 20:27:11','2022-08-10 20:27:11'),
(274,14,'Udi','2022-08-10 20:27:11','2022-08-10 20:27:11'),
(275,14,'Uzo Uwani','2022-08-10 20:27:11','2022-08-10 20:27:11'),
(276,15,'Abaji','2022-08-10 20:27:11','2022-08-10 20:27:11'),
(277,15,'Bwari','2022-08-10 20:27:11','2022-08-10 20:27:11'),
(278,15,'Gwagwalada','2022-08-10 20:27:11','2022-08-10 20:27:11'),
(279,15,'Kuje','2022-08-10 20:27:11','2022-08-10 20:27:11'),
(280,15,'Kwali','2022-08-10 20:27:11','2022-08-10 20:27:11'),
(281,15,'Municipal Area Council','2022-08-10 20:27:11','2022-08-10 20:27:11'),
(282,16,'Akko','2022-08-10 20:27:11','2022-08-10 20:27:11'),
(283,16,'Balanga','2022-08-10 20:27:11','2022-08-10 20:27:11'),
(284,16,'Billiri','2022-08-10 20:27:11','2022-08-10 20:27:11'),
(285,16,'Dukku','2022-08-10 20:27:11','2022-08-10 20:27:11'),
(286,16,'Funakaye','2022-08-10 20:27:11','2022-08-10 20:27:11'),
(287,16,'Gombe','2022-08-10 20:27:11','2022-08-10 20:27:11'),
(288,16,'Kaltungo','2022-08-10 20:27:11','2022-08-10 20:27:11'),
(289,16,'Kwami','2022-08-10 20:27:11','2022-08-10 20:27:11'),
(290,16,'Nafada','2022-08-10 20:27:11','2022-08-10 20:27:11'),
(291,16,'Shongom','2022-08-10 20:27:11','2022-08-10 20:27:11'),
(292,16,'Yamaltu/Deba','2022-08-10 20:27:11','2022-08-10 20:27:11'),
(293,17,'Aboh Mbaise','2022-08-10 20:27:11','2022-08-10 20:27:11'),
(294,17,'Ahiazu Mbaise','2022-08-10 20:27:11','2022-08-10 20:27:11'),
(295,17,'Ehime Mbano','2022-08-10 20:27:11','2022-08-10 20:27:11'),
(296,17,'Ezinihitte','2022-08-10 20:27:11','2022-08-10 20:27:11'),
(297,17,'Ideato North','2022-08-10 20:27:11','2022-08-10 20:27:11'),
(298,17,'Ideato South','2022-08-10 20:27:11','2022-08-10 20:27:11'),
(299,17,'Ihitte/Uboma','2022-08-10 20:27:11','2022-08-10 20:27:11'),
(300,17,'Ikeduru','2022-08-10 20:27:11','2022-08-10 20:27:11'),
(301,17,'Isiala Mbano','2022-08-10 20:27:11','2022-08-10 20:27:11'),
(302,17,'Isu','2022-08-10 20:27:11','2022-08-10 20:27:11'),
(303,17,'Mbaitoli','2022-08-10 20:27:11','2022-08-10 20:27:11'),
(304,17,'Ngor Okpala','2022-08-10 20:27:11','2022-08-10 20:27:11'),
(305,17,'Njaba','2022-08-10 20:27:11','2022-08-10 20:27:11'),
(306,17,'Nkwerre','2022-08-10 20:27:11','2022-08-10 20:27:11'),
(307,17,'Nwangele','2022-08-10 20:27:11','2022-08-10 20:27:11'),
(308,17,'Obowo','2022-08-10 20:27:11','2022-08-10 20:27:11'),
(309,17,'Oguta','2022-08-10 20:27:11','2022-08-10 20:27:11'),
(310,17,'Ohaji/Egbema','2022-08-10 20:27:11','2022-08-10 20:27:11'),
(311,17,'Okigwe','2022-08-10 20:27:11','2022-08-10 20:27:11'),
(312,17,'Orlu','2022-08-10 20:27:11','2022-08-10 20:27:11'),
(313,17,'Orsu','2022-08-10 20:27:11','2022-08-10 20:27:11'),
(314,17,'Oru East','2022-08-10 20:27:11','2022-08-10 20:27:11'),
(315,17,'Oru West','2022-08-10 20:27:11','2022-08-10 20:27:11'),
(316,17,'Owerri Municipal','2022-08-10 20:27:11','2022-08-10 20:27:11'),
(317,17,'Owerri North','2022-08-10 20:27:11','2022-08-10 20:27:11'),
(318,17,'Owerri West','2022-08-10 20:27:11','2022-08-10 20:27:11'),
(319,17,'Unuimo','2022-08-10 20:27:11','2022-08-10 20:27:11'),
(320,18,'Auyo','2022-08-10 20:27:11','2022-08-10 20:27:11'),
(321,18,'Babura','2022-08-10 20:27:11','2022-08-10 20:27:11'),
(322,18,'Biriniwa','2022-08-10 20:27:11','2022-08-10 20:27:11'),
(323,18,'Birnin Kudu','2022-08-10 20:27:11','2022-08-10 20:27:11'),
(324,18,'Buji','2022-08-10 20:27:11','2022-08-10 20:27:11'),
(325,18,'Dutse','2022-08-10 20:27:11','2022-08-10 20:27:11'),
(326,18,'Gagarawa','2022-08-10 20:27:11','2022-08-10 20:27:11'),
(327,18,'Garki','2022-08-10 20:27:11','2022-08-10 20:27:11'),
(328,18,'Gumel','2022-08-10 20:27:11','2022-08-10 20:27:11'),
(329,18,'Guri','2022-08-10 20:27:11','2022-08-10 20:27:11'),
(330,18,'Gwaram','2022-08-10 20:27:11','2022-08-10 20:27:11'),
(331,18,'Gwiwa','2022-08-10 20:27:11','2022-08-10 20:27:11'),
(332,18,'Hadejia','2022-08-10 20:27:11','2022-08-10 20:27:11'),
(333,18,'Jahun','2022-08-10 20:27:11','2022-08-10 20:27:11'),
(334,18,'Kafin Hausa','2022-08-10 20:27:11','2022-08-10 20:27:11'),
(335,18,'Kazaure','2022-08-10 20:27:11','2022-08-10 20:27:11'),
(336,18,'Kiri Kasama','2022-08-10 20:27:11','2022-08-10 20:27:11'),
(337,18,'Kiyawa','2022-08-10 20:27:11','2022-08-10 20:27:11'),
(338,18,'Kaugama','2022-08-10 20:27:11','2022-08-10 20:27:11'),
(339,18,'Maigatari','2022-08-10 20:27:11','2022-08-10 20:27:11'),
(340,18,'Malam Madori','2022-08-10 20:27:11','2022-08-10 20:27:11'),
(341,18,'Miga','2022-08-10 20:27:11','2022-08-10 20:27:11'),
(342,18,'Ringim','2022-08-10 20:27:11','2022-08-10 20:27:11'),
(343,18,'Roni','2022-08-10 20:27:11','2022-08-10 20:27:11'),
(344,18,'Sule Tankarkar','2022-08-10 20:27:11','2022-08-10 20:27:11'),
(345,18,'Taura','2022-08-10 20:27:11','2022-08-10 20:27:11'),
(346,18,'Yankwashi','2022-08-10 20:27:11','2022-08-10 20:27:11'),
(347,19,'Birnin Gwari','2022-08-10 20:27:11','2022-08-10 20:27:11'),
(348,19,'Chikun','2022-08-10 20:27:11','2022-08-10 20:27:11'),
(349,19,'Giwa','2022-08-10 20:27:11','2022-08-10 20:27:11'),
(350,19,'Igabi','2022-08-10 20:27:11','2022-08-10 20:27:11'),
(351,19,'Ikara','2022-08-10 20:27:11','2022-08-10 20:27:11'),
(352,19,'Jaba','2022-08-10 20:27:11','2022-08-10 20:27:11'),
(353,19,'Jema\'a','2022-08-10 20:27:11','2022-08-10 20:27:11'),
(354,19,'Kachia','2022-08-10 20:27:11','2022-08-10 20:27:11'),
(355,19,'Kaduna North','2022-08-10 20:27:11','2022-08-10 20:27:11'),
(356,19,'Kaduna South','2022-08-10 20:27:11','2022-08-10 20:27:11'),
(357,19,'Kagarko','2022-08-10 20:27:11','2022-08-10 20:27:11'),
(358,19,'Kajuru','2022-08-10 20:27:11','2022-08-10 20:27:11'),
(359,19,'Kaura','2022-08-10 20:27:11','2022-08-10 20:27:11'),
(360,19,'Kauru','2022-08-10 20:27:11','2022-08-10 20:27:11'),
(361,19,'Kubau','2022-08-10 20:27:11','2022-08-10 20:27:11'),
(362,19,'Kudan','2022-08-10 20:27:11','2022-08-10 20:27:11'),
(363,19,'Lere','2022-08-10 20:27:11','2022-08-10 20:27:11'),
(364,19,'Makarfi','2022-08-10 20:27:11','2022-08-10 20:27:11'),
(365,19,'Sabon Gari','2022-08-10 20:27:11','2022-08-10 20:27:11'),
(366,19,'Sanga','2022-08-10 20:27:11','2022-08-10 20:27:11'),
(367,19,'Soba','2022-08-10 20:27:11','2022-08-10 20:27:11'),
(368,19,'Zangon Kataf','2022-08-10 20:27:11','2022-08-10 20:27:11'),
(369,19,'Zaria','2022-08-10 20:27:11','2022-08-10 20:27:11'),
(370,20,'Ajingi','2022-08-10 20:27:11','2022-08-10 20:27:11'),
(371,20,'Albasu','2022-08-10 20:27:11','2022-08-10 20:27:11'),
(372,20,'Bagwai','2022-08-10 20:27:11','2022-08-10 20:27:11'),
(373,20,'Bebeji','2022-08-10 20:27:11','2022-08-10 20:27:11'),
(374,20,'Bichi','2022-08-10 20:27:11','2022-08-10 20:27:11'),
(375,20,'Bunkure','2022-08-10 20:27:11','2022-08-10 20:27:11'),
(376,20,'Dala','2022-08-10 20:27:11','2022-08-10 20:27:11'),
(377,20,'Dambatta','2022-08-10 20:27:11','2022-08-10 20:27:11'),
(378,20,'Dawakin Kudu','2022-08-10 20:27:11','2022-08-10 20:27:11'),
(379,20,'Dawakin Tofa','2022-08-10 20:27:11','2022-08-10 20:27:11'),
(380,20,'Doguwa','2022-08-10 20:27:11','2022-08-10 20:27:11'),
(381,20,'Fagge','2022-08-10 20:27:11','2022-08-10 20:27:11'),
(382,20,'Gabasawa','2022-08-10 20:27:11','2022-08-10 20:27:11'),
(383,20,'Garko','2022-08-10 20:27:11','2022-08-10 20:27:11'),
(384,20,'Garun Mallam','2022-08-10 20:27:11','2022-08-10 20:27:11'),
(385,20,'Gaya','2022-08-10 20:27:11','2022-08-10 20:27:11'),
(386,20,'Gezawa','2022-08-10 20:27:11','2022-08-10 20:27:11'),
(387,20,'Gwale','2022-08-10 20:27:11','2022-08-10 20:27:11'),
(388,20,'Gwarzo','2022-08-10 20:27:11','2022-08-10 20:27:11'),
(389,20,'Kabo','2022-08-10 20:27:11','2022-08-10 20:27:11'),
(390,20,'Kano Municipal','2022-08-10 20:27:11','2022-08-10 20:27:11'),
(391,20,'Karaye','2022-08-10 20:27:11','2022-08-10 20:27:11'),
(392,20,'Kibiya','2022-08-10 20:27:11','2022-08-10 20:27:11'),
(393,20,'Kiru','2022-08-10 20:27:11','2022-08-10 20:27:11'),
(394,20,'Kumbotso','2022-08-10 20:27:11','2022-08-10 20:27:11'),
(395,20,'Kunchi','2022-08-10 20:27:11','2022-08-10 20:27:11'),
(396,20,'Kura','2022-08-10 20:27:11','2022-08-10 20:27:11'),
(397,20,'Madobi','2022-08-10 20:27:11','2022-08-10 20:27:11'),
(398,20,'Makoda','2022-08-10 20:27:11','2022-08-10 20:27:11'),
(399,20,'Minjibir','2022-08-10 20:27:11','2022-08-10 20:27:11'),
(400,20,'Nasarawa','2022-08-10 20:27:11','2022-08-10 20:27:11'),
(401,20,'Rano','2022-08-10 20:27:11','2022-08-10 20:27:11'),
(402,20,'Rimin Gado','2022-08-10 20:27:11','2022-08-10 20:27:11'),
(403,20,'Rogo','2022-08-10 20:27:11','2022-08-10 20:27:11'),
(404,20,'Shanono','2022-08-10 20:27:11','2022-08-10 20:27:11'),
(405,20,'Sumaila','2022-08-10 20:27:12','2022-08-10 20:27:12'),
(406,20,'Takai','2022-08-10 20:27:12','2022-08-10 20:27:12'),
(407,20,'Tarauni','2022-08-10 20:27:12','2022-08-10 20:27:12'),
(408,20,'Tofa','2022-08-10 20:27:12','2022-08-10 20:27:12'),
(409,20,'Tsanyawa','2022-08-10 20:27:12','2022-08-10 20:27:12'),
(410,20,'Tudun Wada','2022-08-10 20:27:12','2022-08-10 20:27:12'),
(411,20,'Ungogo','2022-08-10 20:27:12','2022-08-10 20:27:12'),
(412,20,'Warawa','2022-08-10 20:27:12','2022-08-10 20:27:12'),
(413,20,'Wudil','2022-08-10 20:27:12','2022-08-10 20:27:12'),
(414,21,'Bakori','2022-08-10 20:27:12','2022-08-10 20:27:12'),
(415,21,'Batagarawa','2022-08-10 20:27:12','2022-08-10 20:27:12'),
(416,21,'Batsari','2022-08-10 20:27:12','2022-08-10 20:27:12'),
(417,21,'Baure','2022-08-10 20:27:12','2022-08-10 20:27:12'),
(418,21,'Bindawa','2022-08-10 20:27:12','2022-08-10 20:27:12'),
(419,21,'Charanchi','2022-08-10 20:27:12','2022-08-10 20:27:12'),
(420,21,'Dandume','2022-08-10 20:27:12','2022-08-10 20:27:12'),
(421,21,'Danja','2022-08-10 20:27:12','2022-08-10 20:27:12'),
(422,21,'Dan Musa','2022-08-10 20:27:12','2022-08-10 20:27:12'),
(423,21,'Daura','2022-08-10 20:27:12','2022-08-10 20:27:12'),
(424,21,'Dutsi','2022-08-10 20:27:12','2022-08-10 20:27:12'),
(425,21,'Dutsin Ma','2022-08-10 20:27:12','2022-08-10 20:27:12'),
(426,21,'Faskari','2022-08-10 20:27:12','2022-08-10 20:27:12'),
(427,21,'Funtua','2022-08-10 20:27:12','2022-08-10 20:27:12'),
(428,21,'Ingawa','2022-08-10 20:27:12','2022-08-10 20:27:12'),
(429,21,'Jibia','2022-08-10 20:27:12','2022-08-10 20:27:12'),
(430,21,'Kafur','2022-08-10 20:27:12','2022-08-10 20:27:12'),
(431,21,'Kaita','2022-08-10 20:27:12','2022-08-10 20:27:12'),
(432,21,'Kankara','2022-08-10 20:27:12','2022-08-10 20:27:12'),
(433,21,'Kankia','2022-08-10 20:27:12','2022-08-10 20:27:12'),
(434,21,'Katsina','2022-08-10 20:27:12','2022-08-10 20:27:12'),
(435,21,'Kurfi','2022-08-10 20:27:12','2022-08-10 20:27:12'),
(436,21,'Kusada','2022-08-10 20:27:12','2022-08-10 20:27:12'),
(437,21,'Mai\'Adua','2022-08-10 20:27:12','2022-08-10 20:27:12'),
(438,21,'Malumfashi','2022-08-10 20:27:12','2022-08-10 20:27:12'),
(439,21,'Mani','2022-08-10 20:27:12','2022-08-10 20:27:12'),
(440,21,'Mashi','2022-08-10 20:27:12','2022-08-10 20:27:12'),
(441,21,'Matazu','2022-08-10 20:27:12','2022-08-10 20:27:12'),
(442,21,'Musawa','2022-08-10 20:27:12','2022-08-10 20:27:12'),
(443,21,'Rimi','2022-08-10 20:27:12','2022-08-10 20:27:12'),
(444,21,'Sabuwa','2022-08-10 20:27:12','2022-08-10 20:27:12'),
(445,21,'Safana','2022-08-10 20:27:12','2022-08-10 20:27:12'),
(446,21,'Sandamu','2022-08-10 20:27:12','2022-08-10 20:27:12'),
(447,21,'Zango','2022-08-10 20:27:12','2022-08-10 20:27:12'),
(448,22,'Aleiro','2022-08-10 20:27:12','2022-08-10 20:27:12'),
(449,22,'Arewa Dandi','2022-08-10 20:27:12','2022-08-10 20:27:12'),
(450,22,'Argungu','2022-08-10 20:27:12','2022-08-10 20:27:12'),
(451,22,'Augie','2022-08-10 20:27:12','2022-08-10 20:27:12'),
(452,22,'Bagudo','2022-08-10 20:27:12','2022-08-10 20:27:12'),
(453,22,'Birnin Kebbi','2022-08-10 20:27:12','2022-08-10 20:27:12'),
(454,22,'Bunza','2022-08-10 20:27:12','2022-08-10 20:27:12'),
(455,22,'Dandi','2022-08-10 20:27:12','2022-08-10 20:27:12'),
(456,22,'Fakai','2022-08-10 20:27:12','2022-08-10 20:27:12'),
(457,22,'Gwandu','2022-08-10 20:27:12','2022-08-10 20:27:12'),
(458,22,'Jega','2022-08-10 20:27:12','2022-08-10 20:27:12'),
(459,22,'Kalgo','2022-08-10 20:27:12','2022-08-10 20:27:12'),
(460,22,'Koko/Besse','2022-08-10 20:27:12','2022-08-10 20:27:12'),
(461,22,'Maiyama','2022-08-10 20:27:12','2022-08-10 20:27:12'),
(462,22,'Ngaski','2022-08-10 20:27:12','2022-08-10 20:27:12'),
(463,22,'Sakaba','2022-08-10 20:27:12','2022-08-10 20:27:12'),
(464,22,'Shanga','2022-08-10 20:27:12','2022-08-10 20:27:12'),
(465,22,'Suru','2022-08-10 20:27:12','2022-08-10 20:27:12'),
(466,22,'Wasagu/Danko','2022-08-10 20:27:12','2022-08-10 20:27:12'),
(467,22,'Yauri','2022-08-10 20:27:12','2022-08-10 20:27:12'),
(468,22,'Zuru','2022-08-10 20:27:12','2022-08-10 20:27:12'),
(469,23,'Adavi','2022-08-10 20:27:12','2022-08-10 20:27:12'),
(470,23,'Ajaokuta','2022-08-10 20:27:12','2022-08-10 20:27:12'),
(471,23,'Ankpa','2022-08-10 20:27:12','2022-08-10 20:27:12'),
(472,23,'Bassa','2022-08-10 20:27:12','2022-08-10 20:27:12'),
(473,23,'Dekina','2022-08-10 20:27:12','2022-08-10 20:27:12'),
(474,23,'Ibaji','2022-08-10 20:27:12','2022-08-10 20:27:12'),
(475,23,'Idah','2022-08-10 20:27:12','2022-08-10 20:27:12'),
(476,23,'Igalamela Odolu','2022-08-10 20:27:12','2022-08-10 20:27:12'),
(477,23,'Ijumu','2022-08-10 20:27:12','2022-08-10 20:27:12'),
(478,23,'Kabba/Bunu','2022-08-10 20:27:12','2022-08-10 20:27:12'),
(479,23,'Kogi','2022-08-10 20:27:12','2022-08-10 20:27:12'),
(480,23,'Lokoja','2022-08-10 20:27:12','2022-08-10 20:27:12'),
(481,23,'Mopa Muro','2022-08-10 20:27:12','2022-08-10 20:27:12'),
(482,23,'Ofu','2022-08-10 20:27:12','2022-08-10 20:27:12'),
(483,23,'Ogori/Magongo','2022-08-10 20:27:12','2022-08-10 20:27:12'),
(484,23,'Okehi','2022-08-10 20:27:12','2022-08-10 20:27:12'),
(485,23,'Okene','2022-08-10 20:27:12','2022-08-10 20:27:12'),
(486,23,'Olamaboro','2022-08-10 20:27:12','2022-08-10 20:27:12'),
(487,23,'Omala','2022-08-10 20:27:12','2022-08-10 20:27:12'),
(488,23,'Yagba East','2022-08-10 20:27:12','2022-08-10 20:27:12'),
(489,23,'Yagba West','2022-08-10 20:27:12','2022-08-10 20:27:12'),
(490,24,'Asa','2022-08-10 20:27:12','2022-08-10 20:27:12'),
(491,24,'Baruten','2022-08-10 20:27:12','2022-08-10 20:27:12'),
(492,24,'Edu','2022-08-10 20:27:12','2022-08-10 20:27:12'),
(493,24,'Ekiti, Kwara State','2022-08-10 20:27:12','2022-08-10 20:27:12'),
(494,24,'Ifelodun','2022-08-10 20:27:12','2022-08-10 20:27:12'),
(495,24,'Ilorin East','2022-08-10 20:27:12','2022-08-10 20:27:12'),
(496,24,'Ilorin South','2022-08-10 20:27:12','2022-08-10 20:27:12'),
(497,24,'Ilorin West','2022-08-10 20:27:12','2022-08-10 20:27:12'),
(498,24,'Irepodun','2022-08-10 20:27:12','2022-08-10 20:27:12'),
(499,24,'Isin','2022-08-10 20:27:12','2022-08-10 20:27:12'),
(500,24,'Kaiama','2022-08-10 20:27:12','2022-08-10 20:27:12'),
(501,24,'Moro','2022-08-10 20:27:12','2022-08-10 20:27:12'),
(502,24,'Offa','2022-08-10 20:27:12','2022-08-10 20:27:12'),
(503,24,'Oke Ero','2022-08-10 20:27:12','2022-08-10 20:27:12'),
(504,24,'Oyun','2022-08-10 20:27:12','2022-08-10 20:27:12'),
(505,24,'Pategi','2022-08-10 20:27:12','2022-08-10 20:27:12'),
(506,25,'Agege','2022-08-10 20:27:12','2022-08-10 20:27:12'),
(507,25,'Ajeromi-Ifelodun','2022-08-10 20:27:12','2022-08-10 20:27:12'),
(508,25,'Alimosho','2022-08-10 20:27:12','2022-08-10 20:27:12'),
(509,25,'Amuwo-Odofin','2022-08-10 20:27:12','2022-08-10 20:27:12'),
(510,25,'Apapa','2022-08-10 20:27:12','2022-08-10 20:27:12'),
(511,25,'Badagry','2022-08-10 20:27:12','2022-08-10 20:27:12'),
(512,25,'Epe','2022-08-10 20:27:12','2022-08-10 20:27:12'),
(513,25,'Eti Osa','2022-08-10 20:27:12','2022-08-10 20:27:12'),
(514,25,'Ibeju-Lekki','2022-08-10 20:27:12','2022-08-10 20:27:12'),
(515,25,'Ifako-Ijaiye','2022-08-10 20:27:12','2022-08-10 20:27:12'),
(516,25,'Ikeja','2022-08-10 20:27:12','2022-08-10 20:27:12'),
(517,25,'Ikorodu','2022-08-10 20:27:12','2022-08-10 20:27:12'),
(518,25,'Kosofe','2022-08-10 20:27:12','2022-08-10 20:27:12'),
(519,25,'Lagos Island','2022-08-10 20:27:12','2022-08-10 20:27:12'),
(520,25,'Lagos Mainland','2022-08-10 20:27:12','2022-08-10 20:27:12'),
(521,25,'Mushin','2022-08-10 20:27:12','2022-08-10 20:27:12'),
(522,25,'Ojo','2022-08-10 20:27:12','2022-08-10 20:27:12'),
(523,25,'Oshodi-Isolo','2022-08-10 20:27:12','2022-08-10 20:27:12'),
(524,25,'Shomolu','2022-08-10 20:27:12','2022-08-10 20:27:12'),
(525,25,'Surulere, Lagos State','2022-08-10 20:27:12','2022-08-10 20:27:12'),
(526,26,'Akwanga','2022-08-10 20:27:12','2022-08-10 20:27:12'),
(527,26,'Awe','2022-08-10 20:27:12','2022-08-10 20:27:12'),
(528,26,'Doma','2022-08-10 20:27:12','2022-08-10 20:27:12'),
(529,26,'Karu','2022-08-10 20:27:12','2022-08-10 20:27:12'),
(530,26,'Keana','2022-08-10 20:27:12','2022-08-10 20:27:12'),
(531,26,'Keffi','2022-08-10 20:27:12','2022-08-10 20:27:12'),
(532,26,'Kokona','2022-08-10 20:27:12','2022-08-10 20:27:12'),
(533,26,'Lafia','2022-08-10 20:27:12','2022-08-10 20:27:12'),
(534,26,'Nasarawa','2022-08-10 20:27:12','2022-08-10 20:27:12'),
(535,26,'Nasarawa Egon','2022-08-10 20:27:12','2022-08-10 20:27:12'),
(536,26,'Obi','2022-08-10 20:27:12','2022-08-10 20:27:12'),
(537,26,'Toto','2022-08-10 20:27:12','2022-08-10 20:27:12'),
(538,26,'Wamba','2022-08-10 20:27:12','2022-08-10 20:27:12'),
(539,27,'Agaie','2022-08-10 20:27:12','2022-08-10 20:27:12'),
(540,27,'Agwara','2022-08-10 20:27:12','2022-08-10 20:27:12'),
(541,27,'Bida','2022-08-10 20:27:12','2022-08-10 20:27:12'),
(542,27,'Borgu','2022-08-10 20:27:12','2022-08-10 20:27:12'),
(543,27,'Bosso','2022-08-10 20:27:12','2022-08-10 20:27:12'),
(544,27,'Chanchaga','2022-08-10 20:27:12','2022-08-10 20:27:12'),
(545,27,'Edati','2022-08-10 20:27:12','2022-08-10 20:27:12'),
(546,27,'Gbako','2022-08-10 20:27:12','2022-08-10 20:27:12'),
(547,27,'Gurara','2022-08-10 20:27:12','2022-08-10 20:27:12'),
(548,27,'Katcha','2022-08-10 20:27:12','2022-08-10 20:27:12'),
(549,27,'Kontagora','2022-08-10 20:27:12','2022-08-10 20:27:12'),
(550,27,'Lapai','2022-08-10 20:27:12','2022-08-10 20:27:12'),
(551,27,'Lavun','2022-08-10 20:27:12','2022-08-10 20:27:12'),
(552,27,'Magama','2022-08-10 20:27:12','2022-08-10 20:27:12'),
(553,27,'Mariga','2022-08-10 20:27:12','2022-08-10 20:27:12'),
(554,27,'Mashegu','2022-08-10 20:27:12','2022-08-10 20:27:12'),
(555,27,'Mokwa','2022-08-10 20:27:12','2022-08-10 20:27:12'),
(556,27,'Moya','2022-08-10 20:27:12','2022-08-10 20:27:12'),
(557,27,'Paikoro','2022-08-10 20:27:12','2022-08-10 20:27:12'),
(558,27,'Rafi','2022-08-10 20:27:12','2022-08-10 20:27:12'),
(559,27,'Rijau','2022-08-10 20:27:12','2022-08-10 20:27:12'),
(560,27,'Shiroro','2022-08-10 20:27:12','2022-08-10 20:27:12'),
(561,27,'Suleja','2022-08-10 20:27:12','2022-08-10 20:27:12'),
(562,27,'Tafa','2022-08-10 20:27:12','2022-08-10 20:27:12'),
(563,27,'Wushishi','2022-08-10 20:27:12','2022-08-10 20:27:12'),
(564,28,'Abeokuta North','2022-08-10 20:27:12','2022-08-10 20:27:12'),
(565,28,'Abeokuta South','2022-08-10 20:27:12','2022-08-10 20:27:12'),
(566,28,'Ado-Odo/Ota','2022-08-10 20:27:12','2022-08-10 20:27:12'),
(567,28,'Egbado North','2022-08-10 20:27:12','2022-08-10 20:27:12'),
(568,28,'Egbado South','2022-08-10 20:27:12','2022-08-10 20:27:12'),
(569,28,'Ewekoro','2022-08-10 20:27:12','2022-08-10 20:27:12'),
(570,28,'Ifo','2022-08-10 20:27:12','2022-08-10 20:27:12'),
(571,28,'Ijebu East','2022-08-10 20:27:12','2022-08-10 20:27:12'),
(572,28,'Ijebu North','2022-08-10 20:27:12','2022-08-10 20:27:12'),
(573,28,'Ijebu North East','2022-08-10 20:27:12','2022-08-10 20:27:12'),
(574,28,'Ijebu Ode','2022-08-10 20:27:12','2022-08-10 20:27:12'),
(575,28,'Ikenne','2022-08-10 20:27:12','2022-08-10 20:27:12'),
(576,28,'Imeko Afon','2022-08-10 20:27:12','2022-08-10 20:27:12'),
(577,28,'Ipokia','2022-08-10 20:27:12','2022-08-10 20:27:12'),
(578,28,'Obafemi Owode','2022-08-10 20:27:12','2022-08-10 20:27:12'),
(579,28,'Odeda','2022-08-10 20:27:12','2022-08-10 20:27:12'),
(580,28,'Odogbolu','2022-08-10 20:27:12','2022-08-10 20:27:12'),
(581,28,'Ogun Waterside','2022-08-10 20:27:12','2022-08-10 20:27:12'),
(582,28,'Remo North','2022-08-10 20:27:12','2022-08-10 20:27:12'),
(583,28,'Shagamu','2022-08-10 20:27:12','2022-08-10 20:27:12'),
(584,29,'Akoko North-East','2022-08-10 20:27:12','2022-08-10 20:27:12'),
(585,29,'Akoko North-West','2022-08-10 20:27:12','2022-08-10 20:27:12'),
(586,29,'Akoko South-West','2022-08-10 20:27:12','2022-08-10 20:27:12'),
(587,29,'Akoko South-East','2022-08-10 20:27:12','2022-08-10 20:27:12'),
(588,29,'Akure North','2022-08-10 20:27:12','2022-08-10 20:27:12'),
(589,29,'Akure South','2022-08-10 20:27:12','2022-08-10 20:27:12'),
(590,29,'Ese Odo','2022-08-10 20:27:12','2022-08-10 20:27:12'),
(591,29,'Idanre','2022-08-10 20:27:12','2022-08-10 20:27:12'),
(592,29,'Ifedore','2022-08-10 20:27:12','2022-08-10 20:27:12'),
(593,29,'Ilaje','2022-08-10 20:27:12','2022-08-10 20:27:12'),
(594,29,'Ile Oluji/Okeigbo','2022-08-10 20:27:12','2022-08-10 20:27:12'),
(595,29,'Irele','2022-08-10 20:27:12','2022-08-10 20:27:12'),
(596,29,'Odigbo','2022-08-10 20:27:12','2022-08-10 20:27:12'),
(597,29,'Okitipupa','2022-08-10 20:27:12','2022-08-10 20:27:12'),
(598,29,'Ondo East','2022-08-10 20:27:12','2022-08-10 20:27:12'),
(599,29,'Ondo West','2022-08-10 20:27:12','2022-08-10 20:27:12'),
(600,29,'Ose','2022-08-10 20:27:12','2022-08-10 20:27:12'),
(601,29,'Owo','2022-08-10 20:27:12','2022-08-10 20:27:12'),
(602,30,'Atakunmosa East','2022-08-10 20:27:12','2022-08-10 20:27:12'),
(603,30,'Atakunmosa West','2022-08-10 20:27:12','2022-08-10 20:27:12'),
(604,30,'Aiyedaade','2022-08-10 20:27:12','2022-08-10 20:27:12'),
(605,30,'Aiyedire','2022-08-10 20:27:12','2022-08-10 20:27:12'),
(606,30,'Boluwaduro','2022-08-10 20:27:12','2022-08-10 20:27:12'),
(607,30,'Boripe','2022-08-10 20:27:12','2022-08-10 20:27:12'),
(608,30,'Ede North','2022-08-10 20:27:12','2022-08-10 20:27:12'),
(609,30,'Ede South','2022-08-10 20:27:12','2022-08-10 20:27:12'),
(610,30,'Ife Central','2022-08-10 20:27:12','2022-08-10 20:27:12'),
(611,30,'Ife East','2022-08-10 20:27:12','2022-08-10 20:27:12'),
(612,30,'Ife North','2022-08-10 20:27:12','2022-08-10 20:27:12'),
(613,30,'Ife South','2022-08-10 20:27:12','2022-08-10 20:27:12'),
(614,30,'Egbedore','2022-08-10 20:27:12','2022-08-10 20:27:12'),
(615,30,'Ejigbo','2022-08-10 20:27:12','2022-08-10 20:27:12'),
(616,30,'Ifedayo','2022-08-10 20:27:12','2022-08-10 20:27:12'),
(617,30,'Ifelodun','2022-08-10 20:27:12','2022-08-10 20:27:12'),
(618,30,'Ila','2022-08-10 20:27:12','2022-08-10 20:27:12'),
(619,30,'Ilesa East','2022-08-10 20:27:12','2022-08-10 20:27:12'),
(620,30,'Ilesa West','2022-08-10 20:27:12','2022-08-10 20:27:12'),
(621,30,'Irepodun','2022-08-10 20:27:12','2022-08-10 20:27:12'),
(622,30,'Irewole','2022-08-10 20:27:12','2022-08-10 20:27:12'),
(623,30,'Isokan','2022-08-10 20:27:12','2022-08-10 20:27:12'),
(624,30,'Iwo','2022-08-10 20:27:12','2022-08-10 20:27:12'),
(625,30,'Obokun','2022-08-10 20:27:12','2022-08-10 20:27:12'),
(626,30,'Odo Otin','2022-08-10 20:27:12','2022-08-10 20:27:12'),
(627,30,'Ola Oluwa','2022-08-10 20:27:12','2022-08-10 20:27:12'),
(628,30,'Olorunda','2022-08-10 20:27:12','2022-08-10 20:27:12'),
(629,30,'Oriade','2022-08-10 20:27:12','2022-08-10 20:27:12'),
(630,30,'Orolu','2022-08-10 20:27:12','2022-08-10 20:27:12'),
(631,30,'Osogbo','2022-08-10 20:27:12','2022-08-10 20:27:12'),
(632,31,'Afijio','2022-08-10 20:27:12','2022-08-10 20:27:12'),
(633,31,'Akinyele','2022-08-10 20:27:12','2022-08-10 20:27:12'),
(634,31,'Atiba','2022-08-10 20:27:12','2022-08-10 20:27:12'),
(635,31,'Atisbo','2022-08-10 20:27:12','2022-08-10 20:27:12'),
(636,31,'Egbeda','2022-08-10 20:27:12','2022-08-10 20:27:12'),
(637,31,'Ibadan North','2022-08-10 20:27:12','2022-08-10 20:27:12'),
(638,31,'Ibadan North-East','2022-08-10 20:27:12','2022-08-10 20:27:12'),
(639,31,'Ibadan North-West','2022-08-10 20:27:12','2022-08-10 20:27:12'),
(640,31,'Ibadan South-East','2022-08-10 20:27:12','2022-08-10 20:27:12'),
(641,31,'Ibadan South-West','2022-08-10 20:27:12','2022-08-10 20:27:12'),
(642,31,'Ibarapa Central','2022-08-10 20:27:12','2022-08-10 20:27:12'),
(643,31,'Ibarapa East','2022-08-10 20:27:12','2022-08-10 20:27:12'),
(644,31,'Ibarapa North','2022-08-10 20:27:12','2022-08-10 20:27:12'),
(645,31,'Ido','2022-08-10 20:27:12','2022-08-10 20:27:12'),
(646,31,'Irepo','2022-08-10 20:27:12','2022-08-10 20:27:12'),
(647,31,'Iseyin','2022-08-10 20:27:12','2022-08-10 20:27:12'),
(648,31,'Itesiwaju','2022-08-10 20:27:12','2022-08-10 20:27:12'),
(649,31,'Iwajowa','2022-08-10 20:27:12','2022-08-10 20:27:12'),
(650,31,'Kajola','2022-08-10 20:27:12','2022-08-10 20:27:12'),
(651,31,'Lagelu','2022-08-10 20:27:12','2022-08-10 20:27:12'),
(652,31,'Ogbomosho North','2022-08-10 20:27:12','2022-08-10 20:27:12'),
(653,31,'Ogbomosho South','2022-08-10 20:27:12','2022-08-10 20:27:12'),
(654,31,'Ogo Oluwa','2022-08-10 20:27:12','2022-08-10 20:27:12'),
(655,31,'Olorunsogo','2022-08-10 20:27:12','2022-08-10 20:27:12'),
(656,31,'Oluyole','2022-08-10 20:27:12','2022-08-10 20:27:12'),
(657,31,'Ona Ara','2022-08-10 20:27:12','2022-08-10 20:27:12'),
(658,31,'Orelope','2022-08-10 20:27:12','2022-08-10 20:27:12'),
(659,31,'Ori Ire','2022-08-10 20:27:12','2022-08-10 20:27:12'),
(660,31,'Oyo','2022-08-10 20:27:12','2022-08-10 20:27:12'),
(661,31,'Oyo East','2022-08-10 20:27:12','2022-08-10 20:27:12'),
(662,31,'Saki East','2022-08-10 20:27:12','2022-08-10 20:27:12'),
(663,31,'Saki West','2022-08-10 20:27:12','2022-08-10 20:27:12'),
(664,31,'Surulere, Oyo State','2022-08-10 20:27:12','2022-08-10 20:27:12'),
(665,32,'Bokkos','2022-08-10 20:27:12','2022-08-10 20:27:12'),
(666,32,'Barkin Ladi','2022-08-10 20:27:12','2022-08-10 20:27:12'),
(667,32,'Bassa','2022-08-10 20:27:12','2022-08-10 20:27:12'),
(668,32,'Jos East','2022-08-10 20:27:12','2022-08-10 20:27:12'),
(669,32,'Jos North','2022-08-10 20:27:12','2022-08-10 20:27:12'),
(670,32,'Jos South','2022-08-10 20:27:12','2022-08-10 20:27:12'),
(671,32,'Kanam','2022-08-10 20:27:12','2022-08-10 20:27:12'),
(672,32,'Kanke','2022-08-10 20:27:12','2022-08-10 20:27:12'),
(673,32,'Langtang South','2022-08-10 20:27:12','2022-08-10 20:27:12'),
(674,32,'Langtang North','2022-08-10 20:27:12','2022-08-10 20:27:12'),
(675,32,'Mangu','2022-08-10 20:27:12','2022-08-10 20:27:12'),
(676,32,'Mikang','2022-08-10 20:27:12','2022-08-10 20:27:12'),
(677,32,'Pankshin','2022-08-10 20:27:12','2022-08-10 20:27:12'),
(678,32,'Qua\'an Pan','2022-08-10 20:27:12','2022-08-10 20:27:12'),
(679,32,'Riyom','2022-08-10 20:27:12','2022-08-10 20:27:12'),
(680,32,'Shendam','2022-08-10 20:27:12','2022-08-10 20:27:12'),
(681,32,'Wase','2022-08-10 20:27:12','2022-08-10 20:27:12'),
(682,33,'Abua/Odual','2022-08-10 20:27:12','2022-08-10 20:27:12'),
(683,33,'Ahoada East','2022-08-10 20:27:12','2022-08-10 20:27:12'),
(684,33,'Ahoada West','2022-08-10 20:27:12','2022-08-10 20:27:12'),
(685,33,'Akuku-Toru','2022-08-10 20:27:12','2022-08-10 20:27:12'),
(686,33,'Andoni','2022-08-10 20:27:12','2022-08-10 20:27:12'),
(687,33,'Asari-Toru','2022-08-10 20:27:12','2022-08-10 20:27:12'),
(688,33,'Bonny','2022-08-10 20:27:12','2022-08-10 20:27:12'),
(689,33,'Degema','2022-08-10 20:27:12','2022-08-10 20:27:12'),
(690,33,'Eleme','2022-08-10 20:27:12','2022-08-10 20:27:12'),
(691,33,'Emuoha','2022-08-10 20:27:12','2022-08-10 20:27:12'),
(692,33,'Etche','2022-08-10 20:27:12','2022-08-10 20:27:12'),
(693,33,'Gokana','2022-08-10 20:27:12','2022-08-10 20:27:12'),
(694,33,'Ikwerre','2022-08-10 20:27:12','2022-08-10 20:27:12'),
(695,33,'Khana','2022-08-10 20:27:12','2022-08-10 20:27:12'),
(696,33,'Obio/Akpor','2022-08-10 20:27:12','2022-08-10 20:27:12'),
(697,33,'Ogba/Egbema/Ndoni','2022-08-10 20:27:12','2022-08-10 20:27:12'),
(698,33,'Ogu/Bolo','2022-08-10 20:27:12','2022-08-10 20:27:12'),
(699,33,'Okrika','2022-08-10 20:27:12','2022-08-10 20:27:12'),
(700,33,'Omuma','2022-08-10 20:27:12','2022-08-10 20:27:12'),
(701,33,'Opobo/Nkoro','2022-08-10 20:27:12','2022-08-10 20:27:12'),
(702,33,'Oyigbo','2022-08-10 20:27:12','2022-08-10 20:27:12'),
(703,33,'Port Harcourt','2022-08-10 20:27:12','2022-08-10 20:27:12'),
(704,33,'Tai','2022-08-10 20:27:12','2022-08-10 20:27:12'),
(705,34,'Binji','2022-08-10 20:27:12','2022-08-10 20:27:12'),
(706,34,'Bodinga','2022-08-10 20:27:12','2022-08-10 20:27:12'),
(707,34,'Dange Shuni','2022-08-10 20:27:12','2022-08-10 20:27:12'),
(708,34,'Gada','2022-08-10 20:27:12','2022-08-10 20:27:12'),
(709,34,'Goronyo','2022-08-10 20:27:12','2022-08-10 20:27:12'),
(710,34,'Gudu','2022-08-10 20:27:12','2022-08-10 20:27:12'),
(711,34,'Gwadabawa','2022-08-10 20:27:12','2022-08-10 20:27:12'),
(712,34,'Illela','2022-08-10 20:27:12','2022-08-10 20:27:12'),
(713,34,'Isa','2022-08-10 20:27:12','2022-08-10 20:27:12'),
(714,34,'Kebbe','2022-08-10 20:27:12','2022-08-10 20:27:12'),
(715,34,'Kware','2022-08-10 20:27:12','2022-08-10 20:27:12'),
(716,34,'Rabah','2022-08-10 20:27:12','2022-08-10 20:27:12'),
(717,34,'Sabon Birni','2022-08-10 20:27:12','2022-08-10 20:27:12'),
(718,34,'Shagari','2022-08-10 20:27:12','2022-08-10 20:27:12'),
(719,34,'Silame','2022-08-10 20:27:12','2022-08-10 20:27:12'),
(720,34,'Sokoto North','2022-08-10 20:27:12','2022-08-10 20:27:12'),
(721,34,'Sokoto South','2022-08-10 20:27:12','2022-08-10 20:27:12'),
(722,34,'Tambuwal','2022-08-10 20:27:12','2022-08-10 20:27:12'),
(723,34,'Tangaza','2022-08-10 20:27:12','2022-08-10 20:27:12'),
(724,34,'Tureta','2022-08-10 20:27:12','2022-08-10 20:27:12'),
(725,34,'Wamako','2022-08-10 20:27:12','2022-08-10 20:27:12'),
(726,34,'Wurno','2022-08-10 20:27:12','2022-08-10 20:27:12'),
(727,34,'Yabo','2022-08-10 20:27:12','2022-08-10 20:27:12'),
(728,35,'Ardo Kola','2022-08-10 20:27:12','2022-08-10 20:27:12'),
(729,35,'Bali','2022-08-10 20:27:12','2022-08-10 20:27:12'),
(730,35,'Donga','2022-08-10 20:27:12','2022-08-10 20:27:12'),
(731,35,'Gashaka','2022-08-10 20:27:12','2022-08-10 20:27:12'),
(732,35,'Gassol','2022-08-10 20:27:12','2022-08-10 20:27:12'),
(733,35,'Ibi','2022-08-10 20:27:12','2022-08-10 20:27:12'),
(734,35,'Jalingo','2022-08-10 20:27:12','2022-08-10 20:27:12'),
(735,35,'Karim Lamido','2022-08-10 20:27:12','2022-08-10 20:27:12'),
(736,35,'Kumi','2022-08-10 20:27:13','2022-08-10 20:27:13'),
(737,35,'Lau','2022-08-10 20:27:13','2022-08-10 20:27:13'),
(738,35,'Sardauna','2022-08-10 20:27:13','2022-08-10 20:27:13'),
(739,35,'Takum','2022-08-10 20:27:13','2022-08-10 20:27:13'),
(740,35,'Ussa','2022-08-10 20:27:13','2022-08-10 20:27:13'),
(741,35,'Wukari','2022-08-10 20:27:13','2022-08-10 20:27:13'),
(742,35,'Yorro','2022-08-10 20:27:13','2022-08-10 20:27:13'),
(743,35,'Zing','2022-08-10 20:27:13','2022-08-10 20:27:13'),
(744,36,'Bade','2022-08-10 20:27:13','2022-08-10 20:27:13'),
(745,36,'Bursari','2022-08-10 20:27:13','2022-08-10 20:27:13'),
(746,36,'Damaturu','2022-08-10 20:27:13','2022-08-10 20:27:13'),
(747,36,'Fika','2022-08-10 20:27:13','2022-08-10 20:27:13'),
(748,36,'Fune','2022-08-10 20:27:13','2022-08-10 20:27:13'),
(749,36,'Geidam','2022-08-10 20:27:13','2022-08-10 20:27:13'),
(750,36,'Gujba','2022-08-10 20:27:13','2022-08-10 20:27:13'),
(751,36,'Gulani','2022-08-10 20:27:13','2022-08-10 20:27:13'),
(752,36,'Jakusko','2022-08-10 20:27:13','2022-08-10 20:27:13'),
(753,36,'Karasuwa','2022-08-10 20:27:13','2022-08-10 20:27:13'),
(754,36,'Machina','2022-08-10 20:27:13','2022-08-10 20:27:13'),
(755,36,'Nangere','2022-08-10 20:27:13','2022-08-10 20:27:13'),
(756,36,'Nguru','2022-08-10 20:27:13','2022-08-10 20:27:13'),
(757,36,'Potiskum','2022-08-10 20:27:13','2022-08-10 20:27:13'),
(758,36,'Tarmuwa','2022-08-10 20:27:13','2022-08-10 20:27:13'),
(759,36,'Yunusari','2022-08-10 20:27:13','2022-08-10 20:27:13'),
(760,36,'Yusufari','2022-08-10 20:27:13','2022-08-10 20:27:13'),
(761,37,'Anka','2022-08-10 20:27:13','2022-08-10 20:27:13'),
(762,37,'Bakura','2022-08-10 20:27:13','2022-08-10 20:27:13'),
(763,37,'Birnin Magaji/Kiyaw','2022-08-10 20:27:13','2022-08-10 20:27:13'),
(764,37,'Bukkuyum','2022-08-10 20:27:13','2022-08-10 20:27:13'),
(765,37,'Bungudu','2022-08-10 20:27:13','2022-08-10 20:27:13'),
(766,37,'Gummi','2022-08-10 20:27:13','2022-08-10 20:27:13'),
(767,37,'Gusau','2022-08-10 20:27:13','2022-08-10 20:27:13'),
(768,37,'Kaura Namoda','2022-08-10 20:27:13','2022-08-10 20:27:13'),
(769,37,'Maradun','2022-08-10 20:27:13','2022-08-10 20:27:13'),
(770,37,'Maru','2022-08-10 20:27:13','2022-08-10 20:27:13'),
(771,37,'Shinkafi','2022-08-10 20:27:13','2022-08-10 20:27:13'),
(772,37,'Talata Mafara','2022-08-10 20:27:13','2022-08-10 20:27:13'),
(773,37,'Chafe','2022-08-10 20:27:13','2022-08-10 20:27:13'),
(774,37,'Zurmi','2022-08-10 20:27:13','2022-08-10 20:27:13');

/*Table structure for table `marks` */

DROP TABLE IF EXISTS `marks`;

CREATE TABLE `marks` (
  `id` int(10) unsigned NOT NULL AUTO_INCREMENT,
  `student_id` int(10) unsigned NOT NULL,
  `subject_id` int(10) unsigned NOT NULL,
  `my_class_id` int(10) unsigned NOT NULL,
  `section_id` int(10) unsigned NOT NULL,
  `exam_id` int(10) unsigned NOT NULL,
  `t1` int(11) DEFAULT NULL,
  `t2` int(11) DEFAULT NULL,
  `t3` int(11) DEFAULT NULL,
  `t4` int(11) DEFAULT NULL,
  `tca` int(11) DEFAULT NULL,
  `exm` int(11) DEFAULT NULL,
  `tex1` int(11) DEFAULT NULL,
  `tex2` int(11) DEFAULT NULL,
  `tex3` int(11) DEFAULT NULL,
  `sub_pos` tinyint(4) DEFAULT NULL,
  `cum` int(11) DEFAULT NULL,
  `cum_ave` varchar(255) COLLATE utf8mb4_unicode_ci DEFAULT NULL,
  `grade_id` int(10) unsigned DEFAULT NULL,
  `year` varchar(255) COLLATE utf8mb4_unicode_ci NOT NULL,
  `created_at` timestamp NULL DEFAULT NULL,
  `updated_at` timestamp NULL DEFAULT NULL,
  PRIMARY KEY (`id`),
  KEY `marks_student_id_foreign` (`student_id`),
  KEY `marks_my_class_id_foreign` (`my_class_id`),
  KEY `marks_section_id_foreign` (`section_id`),
  KEY `marks_subject_id_foreign` (`subject_id`),
  KEY `marks_exam_id_foreign` (`exam_id`),
  KEY `marks_grade_id_foreign` (`grade_id`),
  CONSTRAINT `marks_exam_id_foreign` FOREIGN KEY (`exam_id`) REFERENCES `exams` (`id`) ON DELETE CASCADE,
  CONSTRAINT `marks_grade_id_foreign` FOREIGN KEY (`grade_id`) REFERENCES `grades` (`id`) ON DELETE SET NULL,
  CONSTRAINT `marks_my_class_id_foreign` FOREIGN KEY (`my_class_id`) REFERENCES `my_classes` (`id`) ON DELETE CASCADE,
  CONSTRAINT `marks_section_id_foreign` FOREIGN KEY (`section_id`) REFERENCES `sections` (`id`) ON DELETE CASCADE,
  CONSTRAINT `marks_student_id_foreign` FOREIGN KEY (`student_id`) REFERENCES `users` (`id`) ON DELETE CASCADE,
  CONSTRAINT `marks_subject_id_foreign` FOREIGN KEY (`subject_id`) REFERENCES `subjects` (`id`) ON DELETE CASCADE
) ENGINE=InnoDB DEFAULT CHARSET=utf8mb4 COLLATE=utf8mb4_unicode_ci;

/*Data for the table `marks` */

/*Table structure for table `migrations` */

DROP TABLE IF EXISTS `migrations`;

CREATE TABLE `migrations` (
  `id` int(10) unsigned NOT NULL AUTO_INCREMENT,
  `migration` varchar(255) COLLATE utf8mb4_unicode_ci NOT NULL,
  `batch` int(11) NOT NULL,
  PRIMARY KEY (`id`)
) ENGINE=InnoDB AUTO_INCREMENT=30 DEFAULT CHARSET=utf8mb4 COLLATE=utf8mb4_unicode_ci;

/*Data for the table `migrations` */

insert  into `migrations`(`id`,`migration`,`batch`) values 
(1,'2013_09_20_121733_create_blood_groups_table',1),
(2,'2013_09_22_124750_create_states_table',1),
(3,'2013_09_22_124806_create_lgas_table',1),
(4,'2013_09_26_121148_create_nationalities_table',1),
(5,'2014_10_12_000000_create_users_table',1),
(6,'2014_10_12_100000_create_password_resets_table',1),
(7,'2018_09_20_100249_create_user_types_table',1),
(8,'2018_09_20_150906_create_class_types_table',1),
(9,'2018_09_22_073005_create_my_classes_table',1),
(10,'2018_09_22_073526_create_sections_table',1),
(11,'2018_09_22_080555_create_settings_table',1),
(12,'2018_09_22_081302_create_subjects_table',1),
(13,'2018_09_22_151514_create_student_records_table',1),
(14,'2018_09_26_124241_create_dorms_table',1),
(15,'2018_10_04_224910_create_exams_table',1),
(16,'2018_10_06_224846_create_marks_table',1),
(17,'2018_10_06_224944_create_grades_table',1),
(18,'2018_10_06_225007_create_pins_table',1),
(19,'2018_10_18_205550_create_skills_table',1),
(20,'2018_10_18_205842_create_exam_records_table',1),
(21,'2018_10_31_191358_create_books_table',1),
(22,'2018_10_31_192540_create_book_requests_table',1),
(23,'2018_11_01_132115_create_staff_records_table',1),
(24,'2018_11_03_210758_create_payments_table',1),
(25,'2018_11_03_210817_create_payment_records_table',1),
(26,'2018_11_06_083707_create_receipts_table',1),
(27,'2018_11_27_180401_create_time_tables_table',1),
(28,'2019_09_22_142514_create_fks',1),
(29,'2019_09_26_132227_create_promotions_table',1);

/*Table structure for table `my_classes` */

DROP TABLE IF EXISTS `my_classes`;

CREATE TABLE `my_classes` (
  `id` int(10) unsigned NOT NULL AUTO_INCREMENT,
  `name` varchar(100) COLLATE utf8mb4_unicode_ci NOT NULL,
  `class_type_id` int(10) unsigned DEFAULT NULL,
  `created_at` timestamp NULL DEFAULT NULL,
  `updated_at` timestamp NULL DEFAULT NULL,
  PRIMARY KEY (`id`),
  UNIQUE KEY `my_classes_class_type_id_name_unique` (`class_type_id`,`name`),
  CONSTRAINT `my_classes_class_type_id_foreign` FOREIGN KEY (`class_type_id`) REFERENCES `class_types` (`id`) ON DELETE SET NULL
) ENGINE=InnoDB AUTO_INCREMENT=11 DEFAULT CHARSET=utf8mb4 COLLATE=utf8mb4_unicode_ci;

/*Data for the table `my_classes` */

insert  into `my_classes`(`id`,`name`,`class_type_id`,`created_at`,`updated_at`) values 
(1,'Nursery 1',3,NULL,NULL),
(2,'Nursery 2',3,NULL,NULL),
(3,'Nursery 3',3,NULL,NULL),
(4,'Primary 1',4,NULL,NULL),
(5,'Primary 2',4,NULL,NULL),
(6,'JSS 2',5,NULL,NULL),
(7,'JSS 3',5,NULL,NULL),
(8,'SSS 1',6,NULL,NULL),
(9,'SSS 2',6,NULL,NULL),
(10,'SSS 3',6,NULL,NULL);

/*Table structure for table `nationalities` */

DROP TABLE IF EXISTS `nationalities`;

CREATE TABLE `nationalities` (
  `id` int(10) unsigned NOT NULL AUTO_INCREMENT,
  `name` varchar(255) COLLATE utf8mb4_unicode_ci NOT NULL,
  `created_at` timestamp NULL DEFAULT NULL,
  `updated_at` timestamp NULL DEFAULT NULL,
  PRIMARY KEY (`id`)
) ENGINE=InnoDB AUTO_INCREMENT=194 DEFAULT CHARSET=utf8mb4 COLLATE=utf8mb4_unicode_ci;

/*Data for the table `nationalities` */

insert  into `nationalities`(`id`,`name`,`created_at`,`updated_at`) values 
(1,'Afghan','2022-08-10 20:27:09','2022-08-10 20:27:09'),
(2,'Albanian','2022-08-10 20:27:09','2022-08-10 20:27:09'),
(3,'Algerian','2022-08-10 20:27:09','2022-08-10 20:27:09'),
(4,'American','2022-08-10 20:27:09','2022-08-10 20:27:09'),
(5,'Andorran','2022-08-10 20:27:09','2022-08-10 20:27:09'),
(6,'Angolan','2022-08-10 20:27:09','2022-08-10 20:27:09'),
(7,'Antiguans','2022-08-10 20:27:09','2022-08-10 20:27:09'),
(8,'Argentinean','2022-08-10 20:27:09','2022-08-10 20:27:09'),
(9,'Armenian','2022-08-10 20:27:09','2022-08-10 20:27:09'),
(10,'Australian','2022-08-10 20:27:09','2022-08-10 20:27:09'),
(11,'Austrian','2022-08-10 20:27:10','2022-08-10 20:27:10'),
(12,'Azerbaijani','2022-08-10 20:27:10','2022-08-10 20:27:10'),
(13,'Bahamian','2022-08-10 20:27:10','2022-08-10 20:27:10'),
(14,'Bahraini','2022-08-10 20:27:10','2022-08-10 20:27:10'),
(15,'Bangladeshi','2022-08-10 20:27:10','2022-08-10 20:27:10'),
(16,'Barbadian','2022-08-10 20:27:10','2022-08-10 20:27:10'),
(17,'Barbudans','2022-08-10 20:27:10','2022-08-10 20:27:10'),
(18,'Batswana','2022-08-10 20:27:10','2022-08-10 20:27:10'),
(19,'Belarusian','2022-08-10 20:27:10','2022-08-10 20:27:10'),
(20,'Belgian','2022-08-10 20:27:10','2022-08-10 20:27:10'),
(21,'Belizean','2022-08-10 20:27:10','2022-08-10 20:27:10'),
(22,'Beninese','2022-08-10 20:27:10','2022-08-10 20:27:10'),
(23,'Bhutanese','2022-08-10 20:27:10','2022-08-10 20:27:10'),
(24,'Bolivian','2022-08-10 20:27:10','2022-08-10 20:27:10'),
(25,'Bosnian','2022-08-10 20:27:10','2022-08-10 20:27:10'),
(26,'Brazilian','2022-08-10 20:27:10','2022-08-10 20:27:10'),
(27,'British','2022-08-10 20:27:10','2022-08-10 20:27:10'),
(28,'Bruneian','2022-08-10 20:27:10','2022-08-10 20:27:10'),
(29,'Bulgarian','2022-08-10 20:27:10','2022-08-10 20:27:10'),
(30,'Burkinabe','2022-08-10 20:27:10','2022-08-10 20:27:10'),
(31,'Burmese','2022-08-10 20:27:10','2022-08-10 20:27:10'),
(32,'Burundian','2022-08-10 20:27:10','2022-08-10 20:27:10'),
(33,'Cambodian','2022-08-10 20:27:10','2022-08-10 20:27:10'),
(34,'Cameroonian','2022-08-10 20:27:10','2022-08-10 20:27:10'),
(35,'Canadian','2022-08-10 20:27:10','2022-08-10 20:27:10'),
(36,'Cape Verdean','2022-08-10 20:27:10','2022-08-10 20:27:10'),
(37,'Central African','2022-08-10 20:27:10','2022-08-10 20:27:10'),
(38,'Chadian','2022-08-10 20:27:10','2022-08-10 20:27:10'),
(39,'Chilean','2022-08-10 20:27:10','2022-08-10 20:27:10'),
(40,'Chinese','2022-08-10 20:27:10','2022-08-10 20:27:10'),
(41,'Colombian','2022-08-10 20:27:10','2022-08-10 20:27:10'),
(42,'Comoran','2022-08-10 20:27:10','2022-08-10 20:27:10'),
(43,'Congolese','2022-08-10 20:27:10','2022-08-10 20:27:10'),
(44,'Costa Rican','2022-08-10 20:27:10','2022-08-10 20:27:10'),
(45,'Croatian','2022-08-10 20:27:10','2022-08-10 20:27:10'),
(46,'Cuban','2022-08-10 20:27:10','2022-08-10 20:27:10'),
(47,'Cypriot','2022-08-10 20:27:10','2022-08-10 20:27:10'),
(48,'Czech','2022-08-10 20:27:10','2022-08-10 20:27:10'),
(49,'Danish','2022-08-10 20:27:10','2022-08-10 20:27:10'),
(50,'Djibouti','2022-08-10 20:27:10','2022-08-10 20:27:10'),
(51,'Dominican','2022-08-10 20:27:10','2022-08-10 20:27:10'),
(52,'Dutch','2022-08-10 20:27:10','2022-08-10 20:27:10'),
(53,'East Timorese','2022-08-10 20:27:10','2022-08-10 20:27:10'),
(54,'Ecuadorean','2022-08-10 20:27:10','2022-08-10 20:27:10'),
(55,'Egyptian','2022-08-10 20:27:10','2022-08-10 20:27:10'),
(56,'Emirian','2022-08-10 20:27:10','2022-08-10 20:27:10'),
(57,'Equatorial Guinean','2022-08-10 20:27:10','2022-08-10 20:27:10'),
(58,'Eritrean','2022-08-10 20:27:10','2022-08-10 20:27:10'),
(59,'Estonian','2022-08-10 20:27:10','2022-08-10 20:27:10'),
(60,'Ethiopian','2022-08-10 20:27:10','2022-08-10 20:27:10'),
(61,'Fijian','2022-08-10 20:27:10','2022-08-10 20:27:10'),
(62,'Filipino','2022-08-10 20:27:10','2022-08-10 20:27:10'),
(63,'Finnish','2022-08-10 20:27:10','2022-08-10 20:27:10'),
(64,'French','2022-08-10 20:27:10','2022-08-10 20:27:10'),
(65,'Gabonese','2022-08-10 20:27:10','2022-08-10 20:27:10'),
(66,'Gambian','2022-08-10 20:27:10','2022-08-10 20:27:10'),
(67,'Georgian','2022-08-10 20:27:10','2022-08-10 20:27:10'),
(68,'German','2022-08-10 20:27:10','2022-08-10 20:27:10'),
(69,'Ghanaian','2022-08-10 20:27:10','2022-08-10 20:27:10'),
(70,'Greek','2022-08-10 20:27:10','2022-08-10 20:27:10'),
(71,'Grenadian','2022-08-10 20:27:10','2022-08-10 20:27:10'),
(72,'Guatemalan','2022-08-10 20:27:10','2022-08-10 20:27:10'),
(73,'Guinea-Bissauan','2022-08-10 20:27:10','2022-08-10 20:27:10'),
(74,'Guinean','2022-08-10 20:27:10','2022-08-10 20:27:10'),
(75,'Guyanese','2022-08-10 20:27:10','2022-08-10 20:27:10'),
(76,'Haitian','2022-08-10 20:27:10','2022-08-10 20:27:10'),
(77,'Herzegovinian','2022-08-10 20:27:10','2022-08-10 20:27:10'),
(78,'Honduran','2022-08-10 20:27:10','2022-08-10 20:27:10'),
(79,'Hungarian','2022-08-10 20:27:10','2022-08-10 20:27:10'),
(80,'I-Kiribati','2022-08-10 20:27:10','2022-08-10 20:27:10'),
(81,'Icelander','2022-08-10 20:27:10','2022-08-10 20:27:10'),
(82,'Indian','2022-08-10 20:27:10','2022-08-10 20:27:10'),
(83,'Indonesian','2022-08-10 20:27:10','2022-08-10 20:27:10'),
(84,'Iranian','2022-08-10 20:27:10','2022-08-10 20:27:10'),
(85,'Iraqi','2022-08-10 20:27:10','2022-08-10 20:27:10'),
(86,'Irish','2022-08-10 20:27:10','2022-08-10 20:27:10'),
(87,'Israeli','2022-08-10 20:27:10','2022-08-10 20:27:10'),
(88,'Italian','2022-08-10 20:27:10','2022-08-10 20:27:10'),
(89,'Ivorian','2022-08-10 20:27:10','2022-08-10 20:27:10'),
(90,'Jamaican','2022-08-10 20:27:10','2022-08-10 20:27:10'),
(91,'Japanese','2022-08-10 20:27:10','2022-08-10 20:27:10'),
(92,'Jordanian','2022-08-10 20:27:10','2022-08-10 20:27:10'),
(93,'Kazakhstani','2022-08-10 20:27:10','2022-08-10 20:27:10'),
(94,'Kenyan','2022-08-10 20:27:10','2022-08-10 20:27:10'),
(95,'Kittian and Nevisian','2022-08-10 20:27:10','2022-08-10 20:27:10'),
(96,'Kuwaiti','2022-08-10 20:27:10','2022-08-10 20:27:10'),
(97,'Kyrgyz','2022-08-10 20:27:10','2022-08-10 20:27:10'),
(98,'Laotian','2022-08-10 20:27:10','2022-08-10 20:27:10'),
(99,'Latvian','2022-08-10 20:27:10','2022-08-10 20:27:10'),
(100,'Lebanese','2022-08-10 20:27:10','2022-08-10 20:27:10'),
(101,'Liberian','2022-08-10 20:27:10','2022-08-10 20:27:10'),
(102,'Libyan','2022-08-10 20:27:10','2022-08-10 20:27:10'),
(103,'Liechtensteiner','2022-08-10 20:27:10','2022-08-10 20:27:10'),
(104,'Lithuanian','2022-08-10 20:27:10','2022-08-10 20:27:10'),
(105,'Luxembourger','2022-08-10 20:27:10','2022-08-10 20:27:10'),
(106,'Macedonian','2022-08-10 20:27:10','2022-08-10 20:27:10'),
(107,'Malagasy','2022-08-10 20:27:10','2022-08-10 20:27:10'),
(108,'Malawian','2022-08-10 20:27:10','2022-08-10 20:27:10'),
(109,'Malaysian','2022-08-10 20:27:10','2022-08-10 20:27:10'),
(110,'Maldivan','2022-08-10 20:27:10','2022-08-10 20:27:10'),
(111,'Malian','2022-08-10 20:27:10','2022-08-10 20:27:10'),
(112,'Maltese','2022-08-10 20:27:10','2022-08-10 20:27:10'),
(113,'Marshallese','2022-08-10 20:27:10','2022-08-10 20:27:10'),
(114,'Mauritanian','2022-08-10 20:27:10','2022-08-10 20:27:10'),
(115,'Mauritian','2022-08-10 20:27:10','2022-08-10 20:27:10'),
(116,'Mexican','2022-08-10 20:27:10','2022-08-10 20:27:10'),
(117,'Micronesian','2022-08-10 20:27:10','2022-08-10 20:27:10'),
(118,'Moldovan','2022-08-10 20:27:10','2022-08-10 20:27:10'),
(119,'Monacan','2022-08-10 20:27:10','2022-08-10 20:27:10'),
(120,'Mongolian','2022-08-10 20:27:10','2022-08-10 20:27:10'),
(121,'Moroccan','2022-08-10 20:27:10','2022-08-10 20:27:10'),
(122,'Mosotho','2022-08-10 20:27:10','2022-08-10 20:27:10'),
(123,'Motswana','2022-08-10 20:27:10','2022-08-10 20:27:10'),
(124,'Mozambican','2022-08-10 20:27:10','2022-08-10 20:27:10'),
(125,'Namibian','2022-08-10 20:27:10','2022-08-10 20:27:10'),
(126,'Nauruan','2022-08-10 20:27:10','2022-08-10 20:27:10'),
(127,'Nepalese','2022-08-10 20:27:10','2022-08-10 20:27:10'),
(128,'New Zealander','2022-08-10 20:27:10','2022-08-10 20:27:10'),
(129,'Nicaraguan','2022-08-10 20:27:10','2022-08-10 20:27:10'),
(130,'Nigerian','2022-08-10 20:27:10','2022-08-10 20:27:10'),
(131,'Nigerien','2022-08-10 20:27:10','2022-08-10 20:27:10'),
(132,'North Korean','2022-08-10 20:27:10','2022-08-10 20:27:10'),
(133,'Northern Irish','2022-08-10 20:27:10','2022-08-10 20:27:10'),
(134,'Norwegian','2022-08-10 20:27:10','2022-08-10 20:27:10'),
(135,'Omani','2022-08-10 20:27:10','2022-08-10 20:27:10'),
(136,'Pakistani','2022-08-10 20:27:10','2022-08-10 20:27:10'),
(137,'Palauan','2022-08-10 20:27:10','2022-08-10 20:27:10'),
(138,'Panamanian','2022-08-10 20:27:10','2022-08-10 20:27:10'),
(139,'Papua New Guinean','2022-08-10 20:27:10','2022-08-10 20:27:10'),
(140,'Paraguayan','2022-08-10 20:27:10','2022-08-10 20:27:10'),
(141,'Peruvian','2022-08-10 20:27:10','2022-08-10 20:27:10'),
(142,'Polish','2022-08-10 20:27:10','2022-08-10 20:27:10'),
(143,'Portuguese','2022-08-10 20:27:10','2022-08-10 20:27:10'),
(144,'Qatari','2022-08-10 20:27:10','2022-08-10 20:27:10'),
(145,'Romanian','2022-08-10 20:27:10','2022-08-10 20:27:10'),
(146,'Russian','2022-08-10 20:27:10','2022-08-10 20:27:10'),
(147,'Rwandan','2022-08-10 20:27:10','2022-08-10 20:27:10'),
(148,'Saint Lucian','2022-08-10 20:27:10','2022-08-10 20:27:10'),
(149,'Salvadoran','2022-08-10 20:27:10','2022-08-10 20:27:10'),
(150,'Samoan','2022-08-10 20:27:10','2022-08-10 20:27:10'),
(151,'San Marinese','2022-08-10 20:27:10','2022-08-10 20:27:10'),
(152,'Sao Tomean','2022-08-10 20:27:10','2022-08-10 20:27:10'),
(153,'Saudi','2022-08-10 20:27:10','2022-08-10 20:27:10'),
(154,'Scottish','2022-08-10 20:27:10','2022-08-10 20:27:10'),
(155,'Senegalese','2022-08-10 20:27:10','2022-08-10 20:27:10'),
(156,'Serbian','2022-08-10 20:27:10','2022-08-10 20:27:10'),
(157,'Seychellois','2022-08-10 20:27:10','2022-08-10 20:27:10'),
(158,'Sierra Leonean','2022-08-10 20:27:10','2022-08-10 20:27:10'),
(159,'Singaporean','2022-08-10 20:27:10','2022-08-10 20:27:10'),
(160,'Slovakian','2022-08-10 20:27:10','2022-08-10 20:27:10'),
(161,'Slovenian','2022-08-10 20:27:10','2022-08-10 20:27:10'),
(162,'Solomon Islander','2022-08-10 20:27:10','2022-08-10 20:27:10'),
(163,'Somali','2022-08-10 20:27:10','2022-08-10 20:27:10'),
(164,'South African','2022-08-10 20:27:10','2022-08-10 20:27:10'),
(165,'South Korean','2022-08-10 20:27:10','2022-08-10 20:27:10'),
(166,'Spanish','2022-08-10 20:27:10','2022-08-10 20:27:10'),
(167,'Sri Lankan','2022-08-10 20:27:10','2022-08-10 20:27:10'),
(168,'Sudanese','2022-08-10 20:27:10','2022-08-10 20:27:10'),
(169,'Surinamer','2022-08-10 20:27:10','2022-08-10 20:27:10'),
(170,'Swazi','2022-08-10 20:27:10','2022-08-10 20:27:10'),
(171,'Swedish','2022-08-10 20:27:10','2022-08-10 20:27:10'),
(172,'Swiss','2022-08-10 20:27:10','2022-08-10 20:27:10'),
(173,'Syrian','2022-08-10 20:27:10','2022-08-10 20:27:10'),
(174,'Taiwanese','2022-08-10 20:27:10','2022-08-10 20:27:10'),
(175,'Tajik','2022-08-10 20:27:10','2022-08-10 20:27:10'),
(176,'Tanzanian','2022-08-10 20:27:10','2022-08-10 20:27:10'),
(177,'Thai','2022-08-10 20:27:10','2022-08-10 20:27:10'),
(178,'Togolese','2022-08-10 20:27:10','2022-08-10 20:27:10'),
(179,'Tongan','2022-08-10 20:27:10','2022-08-10 20:27:10'),
(180,'Trinidadian/Tobagonian','2022-08-10 20:27:10','2022-08-10 20:27:10'),
(181,'Tunisian','2022-08-10 20:27:10','2022-08-10 20:27:10'),
(182,'Turkish','2022-08-10 20:27:10','2022-08-10 20:27:10'),
(183,'Tuvaluan','2022-08-10 20:27:10','2022-08-10 20:27:10'),
(184,'Ugandan','2022-08-10 20:27:10','2022-08-10 20:27:10'),
(185,'Ukrainian','2022-08-10 20:27:10','2022-08-10 20:27:10'),
(186,'Uruguayan','2022-08-10 20:27:10','2022-08-10 20:27:10'),
(187,'Uzbekistani','2022-08-10 20:27:10','2022-08-10 20:27:10'),
(188,'Venezuelan','2022-08-10 20:27:10','2022-08-10 20:27:10'),
(189,'Vietnamese','2022-08-10 20:27:10','2022-08-10 20:27:10'),
(190,'Welsh','2022-08-10 20:27:10','2022-08-10 20:27:10'),
(191,'Yemenite','2022-08-10 20:27:10','2022-08-10 20:27:10'),
(192,'Zambian','2022-08-10 20:27:10','2022-08-10 20:27:10'),
(193,'Zimbabwean','2022-08-10 20:27:10','2022-08-10 20:27:10');

/*Table structure for table `password_resets` */

DROP TABLE IF EXISTS `password_resets`;

CREATE TABLE `password_resets` (
  `email` varchar(100) COLLATE utf8mb4_unicode_ci NOT NULL,
  `token` varchar(255) COLLATE utf8mb4_unicode_ci NOT NULL,
  `created_at` timestamp NULL DEFAULT NULL,
  KEY `password_resets_email_index` (`email`)
) ENGINE=InnoDB DEFAULT CHARSET=utf8mb4 COLLATE=utf8mb4_unicode_ci;

/*Data for the table `password_resets` */

/*Table structure for table `payment_records` */

DROP TABLE IF EXISTS `payment_records`;

CREATE TABLE `payment_records` (
  `id` int(10) unsigned NOT NULL AUTO_INCREMENT,
  `payment_id` int(10) unsigned NOT NULL,
  `student_id` int(10) unsigned NOT NULL,
  `ref_no` varchar(100) COLLATE utf8mb4_unicode_ci DEFAULT NULL,
  `amt_paid` int(11) DEFAULT NULL,
  `balance` int(11) DEFAULT NULL,
  `paid` tinyint(4) NOT NULL DEFAULT 0,
  `year` varchar(255) COLLATE utf8mb4_unicode_ci NOT NULL,
  `created_at` timestamp NULL DEFAULT NULL,
  `updated_at` timestamp NULL DEFAULT NULL,
  PRIMARY KEY (`id`),
  UNIQUE KEY `payment_records_ref_no_unique` (`ref_no`),
  KEY `payment_records_payment_id_foreign` (`payment_id`),
  KEY `payment_records_student_id_foreign` (`student_id`),
  CONSTRAINT `payment_records_payment_id_foreign` FOREIGN KEY (`payment_id`) REFERENCES `payments` (`id`) ON DELETE CASCADE,
  CONSTRAINT `payment_records_student_id_foreign` FOREIGN KEY (`student_id`) REFERENCES `users` (`id`) ON DELETE CASCADE
) ENGINE=InnoDB DEFAULT CHARSET=utf8mb4 COLLATE=utf8mb4_unicode_ci;

/*Data for the table `payment_records` */

/*Table structure for table `payments` */

DROP TABLE IF EXISTS `payments`;

CREATE TABLE `payments` (
  `id` int(10) unsigned NOT NULL AUTO_INCREMENT,
  `title` varchar(100) COLLATE utf8mb4_unicode_ci NOT NULL,
  `amount` int(11) NOT NULL,
  `ref_no` varchar(100) COLLATE utf8mb4_unicode_ci NOT NULL,
  `method` varchar(100) COLLATE utf8mb4_unicode_ci NOT NULL DEFAULT 'cash',
  `my_class_id` int(10) unsigned DEFAULT NULL,
  `description` varchar(255) COLLATE utf8mb4_unicode_ci DEFAULT NULL,
  `year` varchar(255) COLLATE utf8mb4_unicode_ci NOT NULL,
  `created_at` timestamp NULL DEFAULT NULL,
  `updated_at` timestamp NULL DEFAULT NULL,
  PRIMARY KEY (`id`),
  UNIQUE KEY `payments_ref_no_unique` (`ref_no`),
  KEY `payments_my_class_id_foreign` (`my_class_id`),
  CONSTRAINT `payments_my_class_id_foreign` FOREIGN KEY (`my_class_id`) REFERENCES `my_classes` (`id`) ON DELETE CASCADE
) ENGINE=InnoDB DEFAULT CHARSET=utf8mb4 COLLATE=utf8mb4_unicode_ci;

/*Data for the table `payments` */

/*Table structure for table `pins` */

DROP TABLE IF EXISTS `pins`;

CREATE TABLE `pins` (
  `id` int(10) unsigned NOT NULL AUTO_INCREMENT,
  `code` varchar(40) COLLATE utf8mb4_unicode_ci NOT NULL,
  `used` varchar(255) COLLATE utf8mb4_unicode_ci NOT NULL DEFAULT '0',
  `times_used` varchar(255) COLLATE utf8mb4_unicode_ci NOT NULL DEFAULT '0',
  `user_id` int(10) unsigned DEFAULT NULL,
  `student_id` int(10) unsigned DEFAULT NULL,
  `created_at` timestamp NULL DEFAULT NULL,
  `updated_at` timestamp NULL DEFAULT NULL,
  PRIMARY KEY (`id`),
  UNIQUE KEY `pins_code_unique` (`code`),
  KEY `pins_user_id_foreign` (`user_id`),
  KEY `pins_student_id_foreign` (`student_id`),
  CONSTRAINT `pins_student_id_foreign` FOREIGN KEY (`student_id`) REFERENCES `users` (`id`) ON DELETE CASCADE,
  CONSTRAINT `pins_user_id_foreign` FOREIGN KEY (`user_id`) REFERENCES `users` (`id`) ON DELETE CASCADE
) ENGINE=InnoDB DEFAULT CHARSET=utf8mb4 COLLATE=utf8mb4_unicode_ci;

/*Data for the table `pins` */

/*Table structure for table `promotions` */

DROP TABLE IF EXISTS `promotions`;

CREATE TABLE `promotions` (
  `id` int(10) unsigned NOT NULL AUTO_INCREMENT,
  `student_id` int(10) unsigned NOT NULL,
  `from_class` int(10) unsigned NOT NULL,
  `from_section` int(10) unsigned NOT NULL,
  `to_class` int(10) unsigned NOT NULL,
  `to_section` int(10) unsigned NOT NULL,
  `grad` tinyint(4) NOT NULL,
  `from_session` varchar(255) COLLATE utf8mb4_unicode_ci NOT NULL,
  `to_session` varchar(255) COLLATE utf8mb4_unicode_ci NOT NULL,
  `status` varchar(255) COLLATE utf8mb4_unicode_ci NOT NULL,
  `created_at` timestamp NULL DEFAULT NULL,
  `updated_at` timestamp NULL DEFAULT NULL,
  PRIMARY KEY (`id`),
  KEY `promotions_student_id_foreign` (`student_id`),
  KEY `promotions_from_class_foreign` (`from_class`),
  KEY `promotions_from_section_foreign` (`from_section`),
  KEY `promotions_to_section_foreign` (`to_section`),
  KEY `promotions_to_class_foreign` (`to_class`),
  CONSTRAINT `promotions_from_class_foreign` FOREIGN KEY (`from_class`) REFERENCES `my_classes` (`id`) ON DELETE CASCADE,
  CONSTRAINT `promotions_from_section_foreign` FOREIGN KEY (`from_section`) REFERENCES `sections` (`id`) ON DELETE CASCADE,
  CONSTRAINT `promotions_student_id_foreign` FOREIGN KEY (`student_id`) REFERENCES `users` (`id`) ON DELETE CASCADE,
  CONSTRAINT `promotions_to_class_foreign` FOREIGN KEY (`to_class`) REFERENCES `my_classes` (`id`) ON DELETE CASCADE,
  CONSTRAINT `promotions_to_section_foreign` FOREIGN KEY (`to_section`) REFERENCES `sections` (`id`) ON DELETE CASCADE
) ENGINE=InnoDB DEFAULT CHARSET=utf8mb4 COLLATE=utf8mb4_unicode_ci;

/*Data for the table `promotions` */

/*Table structure for table `receipts` */

DROP TABLE IF EXISTS `receipts`;

CREATE TABLE `receipts` (
  `id` int(10) unsigned NOT NULL AUTO_INCREMENT,
  `pr_id` int(10) unsigned NOT NULL,
  `amt_paid` int(11) NOT NULL,
  `balance` int(11) NOT NULL,
  `year` varchar(255) COLLATE utf8mb4_unicode_ci NOT NULL,
  `created_at` timestamp NULL DEFAULT NULL,
  `updated_at` timestamp NULL DEFAULT NULL,
  PRIMARY KEY (`id`),
  KEY `receipts_pr_id_foreign` (`pr_id`),
  CONSTRAINT `receipts_pr_id_foreign` FOREIGN KEY (`pr_id`) REFERENCES `payment_records` (`id`) ON DELETE CASCADE
) ENGINE=InnoDB DEFAULT CHARSET=utf8mb4 COLLATE=utf8mb4_unicode_ci;

/*Data for the table `receipts` */

/*Table structure for table `sections` */

DROP TABLE IF EXISTS `sections`;

CREATE TABLE `sections` (
  `id` int(10) unsigned NOT NULL AUTO_INCREMENT,
  `name` varchar(100) COLLATE utf8mb4_unicode_ci NOT NULL,
  `my_class_id` int(10) unsigned NOT NULL,
  `teacher_id` int(10) unsigned DEFAULT NULL,
  `active` tinyint(4) NOT NULL DEFAULT 0,
  `created_at` timestamp NULL DEFAULT NULL,
  `updated_at` timestamp NULL DEFAULT NULL,
  PRIMARY KEY (`id`),
  UNIQUE KEY `sections_name_my_class_id_unique` (`name`,`my_class_id`),
  KEY `sections_my_class_id_foreign` (`my_class_id`),
  KEY `sections_teacher_id_foreign` (`teacher_id`),
  CONSTRAINT `sections_my_class_id_foreign` FOREIGN KEY (`my_class_id`) REFERENCES `my_classes` (`id`) ON DELETE CASCADE,
  CONSTRAINT `sections_teacher_id_foreign` FOREIGN KEY (`teacher_id`) REFERENCES `users` (`id`) ON DELETE SET NULL
) ENGINE=InnoDB AUTO_INCREMENT=13 DEFAULT CHARSET=utf8mb4 COLLATE=utf8mb4_unicode_ci;

/*Data for the table `sections` */

insert  into `sections`(`id`,`name`,`my_class_id`,`teacher_id`,`active`,`created_at`,`updated_at`) values 
(1,'Gold',1,NULL,1,NULL,NULL),
(2,'Diamond',1,NULL,0,NULL,NULL),
(3,'Silver',2,NULL,1,NULL,NULL),
(4,'Lemon',2,NULL,0,NULL,NULL),
(5,'Bronze',3,NULL,1,NULL,NULL),
(6,'Silver',4,NULL,1,NULL,NULL),
(7,'Diamond',5,NULL,1,NULL,NULL),
(8,'Blue',6,NULL,1,NULL,NULL),
(9,'A',7,NULL,1,NULL,NULL),
(10,'A',8,NULL,1,NULL,NULL),
(11,'A',9,NULL,1,NULL,NULL),
(12,'A',10,NULL,1,NULL,NULL);

/*Table structure for table `settings` */

DROP TABLE IF EXISTS `settings`;

CREATE TABLE `settings` (
  `id` int(10) unsigned NOT NULL AUTO_INCREMENT,
  `type` varchar(255) COLLATE utf8mb4_unicode_ci NOT NULL,
  `description` varchar(255) COLLATE utf8mb4_unicode_ci DEFAULT NULL,
  `created_at` timestamp NULL DEFAULT NULL,
  `updated_at` timestamp NULL DEFAULT NULL,
  PRIMARY KEY (`id`)
) ENGINE=InnoDB AUTO_INCREMENT=20 DEFAULT CHARSET=utf8mb4 COLLATE=utf8mb4_unicode_ci;

/*Data for the table `settings` */

insert  into `settings`(`id`,`type`,`description`,`created_at`,`updated_at`) values 
(1,'current_session','2018-2019',NULL,NULL),
(2,'system_title','CJIA',NULL,NULL),
(3,'system_name','CJ INSPIRED ACADEMY',NULL,NULL),
(4,'term_ends','7/10/2018',NULL,NULL),
(5,'term_begins','7/10/2018',NULL,NULL),
(6,'phone','0123456789',NULL,NULL),
(7,'address','18B North Central Park, Behind Central Square Tourist Center',NULL,NULL),
(8,'system_email','cjacademy@cj.com',NULL,NULL),
(9,'alt_email','',NULL,NULL),
(10,'email_host','',NULL,NULL),
(11,'email_pass','',NULL,NULL),
(12,'lock_exam','0',NULL,NULL),
(13,'logo','',NULL,NULL),
(14,'next_term_fees_j','20000',NULL,NULL),
(15,'next_term_fees_pn','25000',NULL,NULL),
(16,'next_term_fees_p','25000',NULL,NULL),
(17,'next_term_fees_n','25600',NULL,NULL),
(18,'next_term_fees_s','15600',NULL,NULL),
(19,'next_term_fees_c','1600',NULL,NULL);

/*Table structure for table `skills` */

DROP TABLE IF EXISTS `skills`;

CREATE TABLE `skills` (
  `id` int(10) unsigned NOT NULL AUTO_INCREMENT,
  `name` varchar(255) COLLATE utf8mb4_unicode_ci NOT NULL,
  `skill_type` varchar(255) COLLATE utf8mb4_unicode_ci NOT NULL,
  `class_type` varchar(255) COLLATE utf8mb4_unicode_ci DEFAULT NULL,
  `created_at` timestamp NULL DEFAULT NULL,
  `updated_at` timestamp NULL DEFAULT NULL,
  PRIMARY KEY (`id`)
) ENGINE=InnoDB AUTO_INCREMENT=15 DEFAULT CHARSET=utf8mb4 COLLATE=utf8mb4_unicode_ci;

/*Data for the table `skills` */

insert  into `skills`(`id`,`name`,`skill_type`,`class_type`,`created_at`,`updated_at`) values 
(1,'PUNCTUALITY','AF',NULL,NULL,NULL),
(2,'NEATNESS','AF',NULL,NULL,NULL),
(3,'HONESTY','AF',NULL,NULL,NULL),
(4,'RELIABILITY','AF',NULL,NULL,NULL),
(5,'RELATIONSHIP WITH OTHERS','AF',NULL,NULL,NULL),
(6,'POLITENESS','AF',NULL,NULL,NULL),
(7,'ALERTNESS','AF',NULL,NULL,NULL),
(8,'HANDWRITING','PS',NULL,NULL,NULL),
(9,'GAMES & SPORTS','PS',NULL,NULL,NULL),
(10,'DRAWING & ARTS','PS',NULL,NULL,NULL),
(11,'PAINTING','PS',NULL,NULL,NULL),
(12,'CONSTRUCTION','PS',NULL,NULL,NULL),
(13,'MUSICAL SKILLS','PS',NULL,NULL,NULL),
(14,'FLEXIBILITY','PS',NULL,NULL,NULL);

/*Table structure for table `staff_records` */

DROP TABLE IF EXISTS `staff_records`;

CREATE TABLE `staff_records` (
  `id` int(10) unsigned NOT NULL AUTO_INCREMENT,
  `user_id` int(10) unsigned NOT NULL,
  `code` varchar(100) COLLATE utf8mb4_unicode_ci DEFAULT NULL,
  `emp_date` varchar(255) COLLATE utf8mb4_unicode_ci DEFAULT NULL,
  `created_at` timestamp NULL DEFAULT NULL,
  `updated_at` timestamp NULL DEFAULT NULL,
  PRIMARY KEY (`id`),
  UNIQUE KEY `staff_records_code_unique` (`code`),
  KEY `staff_records_user_id_foreign` (`user_id`),
  CONSTRAINT `staff_records_user_id_foreign` FOREIGN KEY (`user_id`) REFERENCES `users` (`id`) ON DELETE CASCADE
) ENGINE=InnoDB AUTO_INCREMENT=2 DEFAULT CHARSET=utf8mb4 COLLATE=utf8mb4_unicode_ci;

/*Data for the table `staff_records` */

insert  into `staff_records`(`id`,`user_id`,`code`,`emp_date`,`created_at`,`updated_at`) values 
(1,55,'CJIA/STAFF/2022/08/7828','08/23/2022','2022-08-10 20:33:05','2022-08-10 20:33:05');

/*Table structure for table `states` */

DROP TABLE IF EXISTS `states`;

CREATE TABLE `states` (
  `id` int(10) unsigned NOT NULL AUTO_INCREMENT,
  `name` varchar(255) COLLATE utf8mb4_unicode_ci NOT NULL,
  `created_at` timestamp NULL DEFAULT NULL,
  `updated_at` timestamp NULL DEFAULT NULL,
  PRIMARY KEY (`id`)
) ENGINE=InnoDB AUTO_INCREMENT=38 DEFAULT CHARSET=utf8mb4 COLLATE=utf8mb4_unicode_ci;

/*Data for the table `states` */

insert  into `states`(`id`,`name`,`created_at`,`updated_at`) values 
(1,'Abia','2022-08-10 20:27:10','2022-08-10 20:27:10'),
(2,'Adamawa','2022-08-10 20:27:10','2022-08-10 20:27:10'),
(3,'Akwa Ibom','2022-08-10 20:27:10','2022-08-10 20:27:10'),
(4,'Anambra','2022-08-10 20:27:10','2022-08-10 20:27:10'),
(5,'Bauchi','2022-08-10 20:27:10','2022-08-10 20:27:10'),
(6,'Bayelsa','2022-08-10 20:27:10','2022-08-10 20:27:10'),
(7,'Benue','2022-08-10 20:27:10','2022-08-10 20:27:10'),
(8,'Borno','2022-08-10 20:27:10','2022-08-10 20:27:10'),
(9,'Cross River','2022-08-10 20:27:10','2022-08-10 20:27:10'),
(10,'Delta','2022-08-10 20:27:10','2022-08-10 20:27:10'),
(11,'Ebonyi','2022-08-10 20:27:10','2022-08-10 20:27:10'),
(12,'Edo','2022-08-10 20:27:10','2022-08-10 20:27:10'),
(13,'Ekiti','2022-08-10 20:27:10','2022-08-10 20:27:10'),
(14,'Enugu','2022-08-10 20:27:10','2022-08-10 20:27:10'),
(15,'FCT','2022-08-10 20:27:10','2022-08-10 20:27:10'),
(16,'Gombe','2022-08-10 20:27:10','2022-08-10 20:27:10'),
(17,'Imo','2022-08-10 20:27:10','2022-08-10 20:27:10'),
(18,'Jigawa','2022-08-10 20:27:10','2022-08-10 20:27:10'),
(19,'Kaduna','2022-08-10 20:27:10','2022-08-10 20:27:10'),
(20,'Kano','2022-08-10 20:27:10','2022-08-10 20:27:10'),
(21,'Katsina','2022-08-10 20:27:10','2022-08-10 20:27:10'),
(22,'Kebbi','2022-08-10 20:27:10','2022-08-10 20:27:10'),
(23,'Kogi','2022-08-10 20:27:10','2022-08-10 20:27:10'),
(24,'Kwara','2022-08-10 20:27:10','2022-08-10 20:27:10'),
(25,'Lagos','2022-08-10 20:27:10','2022-08-10 20:27:10'),
(26,'Nasarawa','2022-08-10 20:27:10','2022-08-10 20:27:10'),
(27,'Niger','2022-08-10 20:27:10','2022-08-10 20:27:10'),
(28,'Ogun','2022-08-10 20:27:10','2022-08-10 20:27:10'),
(29,'Ondo','2022-08-10 20:27:10','2022-08-10 20:27:10'),
(30,'Osun','2022-08-10 20:27:10','2022-08-10 20:27:10'),
(31,'Oyo','2022-08-10 20:27:10','2022-08-10 20:27:10'),
(32,'Plateau','2022-08-10 20:27:10','2022-08-10 20:27:10'),
(33,'Rivers','2022-08-10 20:27:10','2022-08-10 20:27:10'),
(34,'Sokoto','2022-08-10 20:27:10','2022-08-10 20:27:10'),
(35,'Taraba','2022-08-10 20:27:10','2022-08-10 20:27:10'),
(36,'Yobe','2022-08-10 20:27:10','2022-08-10 20:27:10'),
(37,'Zamfara','2022-08-10 20:27:10','2022-08-10 20:27:10');

/*Table structure for table `student_records` */

DROP TABLE IF EXISTS `student_records`;

CREATE TABLE `student_records` (
  `id` int(10) unsigned NOT NULL AUTO_INCREMENT,
  `user_id` int(10) unsigned NOT NULL,
  `my_class_id` int(10) unsigned NOT NULL,
  `section_id` int(10) unsigned NOT NULL,
  `adm_no` varchar(30) COLLATE utf8mb4_unicode_ci DEFAULT NULL,
  `my_parent_id` int(10) unsigned DEFAULT NULL,
  `dorm_id` int(10) unsigned DEFAULT NULL,
  `dorm_room_no` varchar(255) COLLATE utf8mb4_unicode_ci DEFAULT NULL,
  `session` varchar(255) COLLATE utf8mb4_unicode_ci NOT NULL,
  `house` varchar(255) COLLATE utf8mb4_unicode_ci DEFAULT NULL,
  `age` tinyint(4) DEFAULT NULL,
  `year_admitted` varchar(255) COLLATE utf8mb4_unicode_ci DEFAULT NULL,
  `grad` tinyint(4) NOT NULL DEFAULT 0,
  `grad_date` varchar(255) COLLATE utf8mb4_unicode_ci DEFAULT NULL,
  `created_at` timestamp NULL DEFAULT NULL,
  `updated_at` timestamp NULL DEFAULT NULL,
  PRIMARY KEY (`id`),
  UNIQUE KEY `student_records_adm_no_unique` (`adm_no`),
  KEY `student_records_user_id_foreign` (`user_id`),
  KEY `student_records_my_class_id_foreign` (`my_class_id`),
  KEY `student_records_section_id_foreign` (`section_id`),
  KEY `student_records_my_parent_id_foreign` (`my_parent_id`),
  KEY `student_records_dorm_id_foreign` (`dorm_id`),
  CONSTRAINT `student_records_dorm_id_foreign` FOREIGN KEY (`dorm_id`) REFERENCES `dorms` (`id`) ON DELETE SET NULL,
  CONSTRAINT `student_records_my_class_id_foreign` FOREIGN KEY (`my_class_id`) REFERENCES `my_classes` (`id`) ON DELETE CASCADE,
  CONSTRAINT `student_records_my_parent_id_foreign` FOREIGN KEY (`my_parent_id`) REFERENCES `users` (`id`) ON DELETE SET NULL,
  CONSTRAINT `student_records_section_id_foreign` FOREIGN KEY (`section_id`) REFERENCES `sections` (`id`) ON DELETE CASCADE,
  CONSTRAINT `student_records_user_id_foreign` FOREIGN KEY (`user_id`) REFERENCES `users` (`id`) ON DELETE CASCADE
) ENGINE=InnoDB AUTO_INCREMENT=38 DEFAULT CHARSET=utf8mb4 COLLATE=utf8mb4_unicode_ci;

/*Data for the table `student_records` */

insert  into `student_records`(`id`,`user_id`,`my_class_id`,`section_id`,`adm_no`,`my_parent_id`,`dorm_id`,`dorm_room_no`,`session`,`house`,`age`,`year_admitted`,`grad`,`grad_date`,`created_at`,`updated_at`) values 
(1,18,1,1,NULL,NULL,NULL,NULL,'2018-2019',NULL,NULL,NULL,0,NULL,'2022-08-10 20:27:14','2022-08-10 20:27:14'),
(2,19,1,1,NULL,NULL,NULL,NULL,'2018-2019',NULL,NULL,NULL,0,NULL,'2022-08-10 20:27:14','2022-08-10 20:27:14'),
(3,20,1,1,NULL,NULL,NULL,NULL,'2018-2019',NULL,NULL,NULL,0,NULL,'2022-08-10 20:27:14','2022-08-10 20:27:14'),
(4,21,1,1,NULL,NULL,NULL,NULL,'2018-2019',NULL,NULL,NULL,0,NULL,'2022-08-10 20:27:14','2022-08-10 20:27:14'),
(5,22,1,2,NULL,NULL,NULL,NULL,'2018-2019',NULL,NULL,NULL,0,NULL,'2022-08-10 20:27:15','2022-08-10 20:27:15'),
(6,23,1,2,NULL,NULL,NULL,NULL,'2018-2019',NULL,NULL,NULL,0,NULL,'2022-08-10 20:27:15','2022-08-10 20:27:15'),
(7,24,1,2,NULL,NULL,NULL,NULL,'2018-2019',NULL,NULL,NULL,0,NULL,'2022-08-10 20:27:15','2022-08-10 20:27:15'),
(8,25,2,3,NULL,NULL,NULL,NULL,'2018-2019',NULL,NULL,NULL,0,NULL,'2022-08-10 20:27:15','2022-08-10 20:27:15'),
(9,26,2,3,NULL,NULL,NULL,NULL,'2018-2019',NULL,NULL,NULL,0,NULL,'2022-08-10 20:27:15','2022-08-10 20:27:15'),
(10,27,2,3,NULL,NULL,NULL,NULL,'2018-2019',NULL,NULL,NULL,0,NULL,'2022-08-10 20:27:15','2022-08-10 20:27:15'),
(11,28,2,4,NULL,NULL,NULL,NULL,'2018-2019',NULL,NULL,NULL,0,NULL,'2022-08-10 20:27:16','2022-08-10 20:27:16'),
(12,29,2,4,NULL,NULL,NULL,NULL,'2018-2019',NULL,NULL,NULL,0,NULL,'2022-08-10 20:27:16','2022-08-10 20:27:16'),
(13,30,2,4,NULL,NULL,NULL,NULL,'2018-2019',NULL,NULL,NULL,0,NULL,'2022-08-10 20:27:16','2022-08-10 20:27:16'),
(14,31,3,5,NULL,NULL,NULL,NULL,'2018-2019',NULL,NULL,NULL,0,NULL,'2022-08-10 20:27:16','2022-08-10 20:27:16'),
(15,32,3,5,NULL,NULL,NULL,NULL,'2018-2019',NULL,NULL,NULL,0,NULL,'2022-08-10 20:27:16','2022-08-10 20:27:16'),
(16,33,3,5,NULL,NULL,NULL,NULL,'2018-2019',NULL,NULL,NULL,0,NULL,'2022-08-10 20:27:16','2022-08-10 20:27:16'),
(17,34,4,6,NULL,NULL,NULL,NULL,'2018-2019',NULL,NULL,NULL,0,NULL,'2022-08-10 20:27:16','2022-08-10 20:27:16'),
(18,35,4,6,NULL,NULL,NULL,NULL,'2018-2019',NULL,NULL,NULL,0,NULL,'2022-08-10 20:27:16','2022-08-10 20:27:16'),
(19,36,4,6,NULL,NULL,NULL,NULL,'2018-2019',NULL,NULL,NULL,0,NULL,'2022-08-10 20:27:16','2022-08-10 20:27:16'),
(20,37,5,7,NULL,NULL,NULL,NULL,'2018-2019',NULL,NULL,NULL,0,NULL,'2022-08-10 20:27:17','2022-08-10 20:27:17'),
(21,38,5,7,NULL,NULL,NULL,NULL,'2018-2019',NULL,NULL,NULL,0,NULL,'2022-08-10 20:27:17','2022-08-10 20:27:17'),
(22,39,5,7,NULL,NULL,NULL,NULL,'2018-2019',NULL,NULL,NULL,0,NULL,'2022-08-10 20:27:17','2022-08-10 20:27:17'),
(23,40,6,8,NULL,NULL,NULL,NULL,'2018-2019',NULL,NULL,NULL,0,NULL,'2022-08-10 20:27:17','2022-08-10 20:27:17'),
(24,41,6,8,NULL,NULL,NULL,NULL,'2018-2019',NULL,NULL,NULL,0,NULL,'2022-08-10 20:27:17','2022-08-10 20:27:17'),
(25,42,6,8,NULL,NULL,NULL,NULL,'2018-2019',NULL,NULL,NULL,0,NULL,'2022-08-10 20:27:17','2022-08-10 20:27:17'),
(26,43,7,9,NULL,NULL,NULL,NULL,'2018-2019',NULL,NULL,NULL,0,NULL,'2022-08-10 20:27:17','2022-08-10 20:27:17'),
(27,44,7,9,NULL,NULL,NULL,NULL,'2018-2019',NULL,NULL,NULL,0,NULL,'2022-08-10 20:27:17','2022-08-10 20:27:17'),
(28,45,7,9,NULL,NULL,NULL,NULL,'2018-2019',NULL,NULL,NULL,0,NULL,'2022-08-10 20:27:17','2022-08-10 20:27:17'),
(29,46,8,10,NULL,NULL,NULL,NULL,'2018-2019',NULL,NULL,NULL,0,NULL,'2022-08-10 20:27:18','2022-08-10 20:27:18'),
(30,47,8,10,NULL,NULL,NULL,NULL,'2018-2019',NULL,NULL,NULL,0,NULL,'2022-08-10 20:27:18','2022-08-10 20:27:18'),
(31,48,8,10,NULL,NULL,NULL,NULL,'2018-2019',NULL,NULL,NULL,0,NULL,'2022-08-10 20:27:18','2022-08-10 20:27:18'),
(32,49,9,11,NULL,NULL,NULL,NULL,'2018-2019',NULL,NULL,NULL,0,NULL,'2022-08-10 20:27:18','2022-08-10 20:27:18'),
(33,50,9,11,NULL,NULL,NULL,NULL,'2018-2019',NULL,NULL,NULL,0,NULL,'2022-08-10 20:27:18','2022-08-10 20:27:18'),
(34,51,9,11,NULL,NULL,NULL,NULL,'2018-2019',NULL,NULL,NULL,0,NULL,'2022-08-10 20:27:18','2022-08-10 20:27:18'),
(35,52,10,12,NULL,NULL,NULL,NULL,'2018-2019',NULL,NULL,NULL,0,NULL,'2022-08-10 20:27:18','2022-08-10 20:27:18'),
(36,53,10,12,NULL,NULL,NULL,NULL,'2018-2019',NULL,NULL,NULL,0,NULL,'2022-08-10 20:27:18','2022-08-10 20:27:18'),
(37,54,10,12,NULL,NULL,NULL,NULL,'2018-2019',NULL,NULL,NULL,0,NULL,'2022-08-10 20:27:18','2022-08-10 20:27:18');

/*Table structure for table `subjects` */

DROP TABLE IF EXISTS `subjects`;

CREATE TABLE `subjects` (
  `id` int(10) unsigned NOT NULL AUTO_INCREMENT,
  `name` varchar(100) COLLATE utf8mb4_unicode_ci NOT NULL,
  `slug` varchar(100) COLLATE utf8mb4_unicode_ci NOT NULL,
  `my_class_id` int(10) unsigned NOT NULL,
  `teacher_id` int(10) unsigned NOT NULL,
  `created_at` timestamp NULL DEFAULT NULL,
  `updated_at` timestamp NULL DEFAULT NULL,
  PRIMARY KEY (`id`),
  UNIQUE KEY `subjects_my_class_id_name_unique` (`my_class_id`,`name`),
  KEY `subjects_teacher_id_foreign` (`teacher_id`),
  CONSTRAINT `subjects_my_class_id_foreign` FOREIGN KEY (`my_class_id`) REFERENCES `my_classes` (`id`) ON DELETE CASCADE,
  CONSTRAINT `subjects_teacher_id_foreign` FOREIGN KEY (`teacher_id`) REFERENCES `users` (`id`)
) ENGINE=InnoDB AUTO_INCREMENT=21 DEFAULT CHARSET=utf8mb4 COLLATE=utf8mb4_unicode_ci;

/*Data for the table `subjects` */

insert  into `subjects`(`id`,`name`,`slug`,`my_class_id`,`teacher_id`,`created_at`,`updated_at`) values 
(1,'English Language','Eng',1,3,NULL,NULL),
(2,'Mathematics','Math',1,3,NULL,NULL),
(3,'English Language','Eng',2,3,NULL,NULL),
(4,'Mathematics','Math',2,3,NULL,NULL),
(5,'English Language','Eng',3,3,NULL,NULL),
(6,'Mathematics','Math',3,3,NULL,NULL),
(7,'English Language','Eng',4,3,NULL,NULL),
(8,'Mathematics','Math',4,3,NULL,NULL),
(9,'English Language','Eng',5,3,NULL,NULL),
(10,'Mathematics','Math',5,3,NULL,NULL),
(11,'English Language','Eng',6,3,NULL,NULL),
(12,'Mathematics','Math',6,3,NULL,NULL),
(13,'English Language','Eng',7,3,NULL,NULL),
(14,'Mathematics','Math',7,3,NULL,NULL),
(15,'English Language','Eng',8,3,NULL,NULL),
(16,'Mathematics','Math',8,3,NULL,NULL),
(17,'English Language','Eng',9,3,NULL,NULL),
(18,'Mathematics','Math',9,3,NULL,NULL),
(19,'English Language','Eng',10,3,NULL,NULL),
(20,'Mathematics','Math',10,3,NULL,NULL);

/*Table structure for table `time_slots` */

DROP TABLE IF EXISTS `time_slots`;

CREATE TABLE `time_slots` (
  `id` int(10) unsigned NOT NULL AUTO_INCREMENT,
  `ttr_id` int(10) unsigned NOT NULL,
  `hour_from` tinyint(4) NOT NULL,
  `min_from` varchar(2) COLLATE utf8mb4_unicode_ci NOT NULL,
  `meridian_from` varchar(2) COLLATE utf8mb4_unicode_ci NOT NULL,
  `hour_to` tinyint(4) NOT NULL,
  `min_to` varchar(2) COLLATE utf8mb4_unicode_ci NOT NULL,
  `meridian_to` varchar(2) COLLATE utf8mb4_unicode_ci NOT NULL,
  `time_from` varchar(100) COLLATE utf8mb4_unicode_ci NOT NULL,
  `time_to` varchar(100) COLLATE utf8mb4_unicode_ci NOT NULL,
  `timestamp_from` varchar(50) COLLATE utf8mb4_unicode_ci NOT NULL,
  `timestamp_to` varchar(50) COLLATE utf8mb4_unicode_ci NOT NULL,
  `full` varchar(100) COLLATE utf8mb4_unicode_ci NOT NULL,
  `created_at` timestamp NULL DEFAULT NULL,
  `updated_at` timestamp NULL DEFAULT NULL,
  PRIMARY KEY (`id`),
  UNIQUE KEY `time_slots_timestamp_from_timestamp_to_ttr_id_unique` (`timestamp_from`,`timestamp_to`,`ttr_id`),
  KEY `time_slots_ttr_id_foreign` (`ttr_id`),
  CONSTRAINT `time_slots_ttr_id_foreign` FOREIGN KEY (`ttr_id`) REFERENCES `time_table_records` (`id`) ON DELETE CASCADE
) ENGINE=InnoDB DEFAULT CHARSET=utf8mb4 COLLATE=utf8mb4_unicode_ci;

/*Data for the table `time_slots` */

/*Table structure for table `time_table_records` */

DROP TABLE IF EXISTS `time_table_records`;

CREATE TABLE `time_table_records` (
  `id` int(10) unsigned NOT NULL AUTO_INCREMENT,
  `name` varchar(100) COLLATE utf8mb4_unicode_ci NOT NULL,
  `my_class_id` int(10) unsigned NOT NULL,
  `exam_id` int(10) unsigned DEFAULT NULL,
  `year` varchar(100) COLLATE utf8mb4_unicode_ci NOT NULL,
  `created_at` timestamp NULL DEFAULT NULL,
  `updated_at` timestamp NULL DEFAULT NULL,
  PRIMARY KEY (`id`),
  UNIQUE KEY `time_table_records_name_unique` (`name`),
  UNIQUE KEY `time_table_records_my_class_id_exam_id_year_unique` (`my_class_id`,`exam_id`,`year`),
  KEY `time_table_records_exam_id_foreign` (`exam_id`),
  CONSTRAINT `time_table_records_exam_id_foreign` FOREIGN KEY (`exam_id`) REFERENCES `exams` (`id`) ON DELETE CASCADE,
  CONSTRAINT `time_table_records_my_class_id_foreign` FOREIGN KEY (`my_class_id`) REFERENCES `my_classes` (`id`) ON DELETE CASCADE
) ENGINE=InnoDB DEFAULT CHARSET=utf8mb4 COLLATE=utf8mb4_unicode_ci;

/*Data for the table `time_table_records` */

/*Table structure for table `time_tables` */

DROP TABLE IF EXISTS `time_tables`;

CREATE TABLE `time_tables` (
  `id` int(10) unsigned NOT NULL AUTO_INCREMENT,
  `ttr_id` int(10) unsigned NOT NULL,
  `ts_id` int(10) unsigned NOT NULL,
  `subject_id` int(10) unsigned DEFAULT NULL,
  `exam_date` varchar(50) COLLATE utf8mb4_unicode_ci DEFAULT NULL,
  `timestamp_from` varchar(100) COLLATE utf8mb4_unicode_ci NOT NULL,
  `timestamp_to` varchar(100) COLLATE utf8mb4_unicode_ci NOT NULL,
  `day` varchar(50) COLLATE utf8mb4_unicode_ci DEFAULT NULL,
  `day_num` tinyint(4) DEFAULT NULL,
  `created_at` timestamp NULL DEFAULT NULL,
  `updated_at` timestamp NULL DEFAULT NULL,
  PRIMARY KEY (`id`),
  UNIQUE KEY `time_tables_ttr_id_ts_id_day_unique` (`ttr_id`,`ts_id`,`day`),
  UNIQUE KEY `time_tables_ttr_id_ts_id_exam_date_unique` (`ttr_id`,`ts_id`,`exam_date`),
  KEY `time_tables_ts_id_foreign` (`ts_id`),
  KEY `time_tables_subject_id_foreign` (`subject_id`),
  CONSTRAINT `time_tables_subject_id_foreign` FOREIGN KEY (`subject_id`) REFERENCES `subjects` (`id`) ON DELETE CASCADE,
  CONSTRAINT `time_tables_ts_id_foreign` FOREIGN KEY (`ts_id`) REFERENCES `time_slots` (`id`) ON DELETE CASCADE,
  CONSTRAINT `time_tables_ttr_id_foreign` FOREIGN KEY (`ttr_id`) REFERENCES `time_table_records` (`id`) ON DELETE CASCADE
) ENGINE=InnoDB DEFAULT CHARSET=utf8mb4 COLLATE=utf8mb4_unicode_ci;

/*Data for the table `time_tables` */

/*Table structure for table `user_types` */

DROP TABLE IF EXISTS `user_types`;

CREATE TABLE `user_types` (
  `id` int(10) unsigned NOT NULL AUTO_INCREMENT,
  `title` varchar(255) COLLATE utf8mb4_unicode_ci NOT NULL,
  `name` varchar(255) COLLATE utf8mb4_unicode_ci NOT NULL,
  `level` varchar(255) COLLATE utf8mb4_unicode_ci NOT NULL,
  `created_at` timestamp NULL DEFAULT NULL,
  `updated_at` timestamp NULL DEFAULT NULL,
  PRIMARY KEY (`id`)
) ENGINE=InnoDB AUTO_INCREMENT=6 DEFAULT CHARSET=utf8mb4 COLLATE=utf8mb4_unicode_ci;

/*Data for the table `user_types` */

insert  into `user_types`(`id`,`title`,`name`,`level`,`created_at`,`updated_at`) values 
(1,'accountant','Accountant','5',NULL,NULL),
(2,'parent','Parent','4',NULL,NULL),
(3,'teacher','Teacher','3',NULL,NULL),
(4,'admin','Admin','2',NULL,NULL),
(5,'super_admin','Super Admin','1',NULL,NULL);

/*Table structure for table `users` */

DROP TABLE IF EXISTS `users`;

CREATE TABLE `users` (
  `id` int(10) unsigned NOT NULL AUTO_INCREMENT,
  `name` varchar(255) COLLATE utf8mb4_unicode_ci NOT NULL,
  `email` varchar(100) COLLATE utf8mb4_unicode_ci DEFAULT NULL,
  `code` varchar(100) COLLATE utf8mb4_unicode_ci NOT NULL,
  `username` varchar(100) COLLATE utf8mb4_unicode_ci DEFAULT NULL,
  `user_type` varchar(255) COLLATE utf8mb4_unicode_ci NOT NULL,
  `dob` varchar(255) COLLATE utf8mb4_unicode_ci DEFAULT NULL,
  `gender` varchar(255) COLLATE utf8mb4_unicode_ci DEFAULT NULL,
  `photo` varchar(255) COLLATE utf8mb4_unicode_ci NOT NULL DEFAULT 'http://localhost/global_assets/images/user.png',
  `phone` varchar(255) COLLATE utf8mb4_unicode_ci DEFAULT NULL,
  `phone2` varchar(255) COLLATE utf8mb4_unicode_ci DEFAULT NULL,
  `bg_id` int(10) unsigned DEFAULT NULL,
  `state_id` int(10) unsigned DEFAULT NULL,
  `lga_id` int(10) unsigned DEFAULT NULL,
  `nal_id` int(10) unsigned DEFAULT NULL,
  `address` varchar(255) COLLATE utf8mb4_unicode_ci DEFAULT NULL,
  `email_verified_at` timestamp NULL DEFAULT NULL,
  `password` varchar(255) COLLATE utf8mb4_unicode_ci NOT NULL,
  `remember_token` varchar(100) COLLATE utf8mb4_unicode_ci DEFAULT NULL,
  `created_at` timestamp NULL DEFAULT NULL,
  `updated_at` timestamp NULL DEFAULT NULL,
  PRIMARY KEY (`id`),
  UNIQUE KEY `users_code_unique` (`code`),
  UNIQUE KEY `users_email_unique` (`email`),
  UNIQUE KEY `users_username_unique` (`username`),
  KEY `users_state_id_foreign` (`state_id`),
  KEY `users_lga_id_foreign` (`lga_id`),
  KEY `users_bg_id_foreign` (`bg_id`),
  KEY `users_nal_id_foreign` (`nal_id`),
  CONSTRAINT `users_bg_id_foreign` FOREIGN KEY (`bg_id`) REFERENCES `blood_groups` (`id`) ON DELETE SET NULL,
  CONSTRAINT `users_lga_id_foreign` FOREIGN KEY (`lga_id`) REFERENCES `lgas` (`id`) ON DELETE SET NULL,
  CONSTRAINT `users_nal_id_foreign` FOREIGN KEY (`nal_id`) REFERENCES `nationalities` (`id`) ON DELETE SET NULL,
  CONSTRAINT `users_state_id_foreign` FOREIGN KEY (`state_id`) REFERENCES `states` (`id`) ON DELETE SET NULL
) ENGINE=InnoDB AUTO_INCREMENT=56 DEFAULT CHARSET=utf8mb4 COLLATE=utf8mb4_unicode_ci;

/*Data for the table `users` */

insert  into `users`(`id`,`name`,`email`,`code`,`username`,`user_type`,`dob`,`gender`,`photo`,`phone`,`phone2`,`bg_id`,`state_id`,`lga_id`,`nal_id`,`address`,`email_verified_at`,`password`,`remember_token`,`created_at`,`updated_at`) values 
(1,'CJ Inspired','cj@cj.com','14EMKVNCLT','cj','super_admin',NULL,NULL,'http://localhost/global_assets/images/user.png',NULL,NULL,NULL,NULL,NULL,NULL,NULL,NULL,'$2y$10$5KHzVShC4dvXUK068BTH7eUz8KsAkePcLuNqdkU2f8s8BbU17QMB6','4Ytiah2fXp92D4kam4XtC7259pIQLiDZVQiMQSGWuFPop9L3GMXd3963wJk1',NULL,NULL),
(2,'Admin KORA','admin@admin.com','SA0K6RAAUG','admin','admin',NULL,NULL,'http://localhost/global_assets/images/user.png',NULL,NULL,NULL,NULL,NULL,NULL,NULL,NULL,'$2y$10$5KHzVShC4dvXUK068BTH7eUz8KsAkePcLuNqdkU2f8s8BbU17QMB6','kW4NnBX53a',NULL,NULL),
(3,'Teacher Chike','teacher@teacher.com','J9BTWLHOMV','teacher','teacher',NULL,NULL,'http://localhost/global_assets/images/user.png',NULL,NULL,NULL,NULL,NULL,NULL,NULL,NULL,'$2y$10$5KHzVShC4dvXUK068BTH7eUz8KsAkePcLuNqdkU2f8s8BbU17QMB6','4t4MYp8GwK',NULL,NULL),
(4,'Parent Kaba','parent@parent.com','K2GVUTF6UI','parent','parent',NULL,NULL,'http://localhost/global_assets/images/user.png',NULL,NULL,NULL,NULL,NULL,NULL,NULL,NULL,'$2y$10$5KHzVShC4dvXUK068BTH7eUz8KsAkePcLuNqdkU2f8s8BbU17QMB6','voxWdAvEjW',NULL,NULL),
(5,'Accountant Jeff','accountant@accountant.com','KQUYRFTUPK','accountant','accountant',NULL,NULL,'http://localhost/global_assets/images/user.png',NULL,NULL,NULL,NULL,NULL,NULL,NULL,NULL,'$2y$10$5KHzVShC4dvXUK068BTH7eUz8KsAkePcLuNqdkU2f8s8BbU17QMB6','Mf8TNCdzRo',NULL,NULL),
(6,'Admin 1','admin1@admin.com','4D2WSU1Z3Q','admin1','admin',NULL,NULL,'http://localhost/global_assets/images/user.png',NULL,NULL,NULL,NULL,NULL,NULL,NULL,NULL,'$2y$10$Bn8mj2S9cQsLLP4r6QgOieRMLs09.IrbuQ0DXQy.EKv175VWTl53G','ETw1gGc7o2',NULL,NULL),
(7,'Teacher 1','teacher1@teacher.com','VRSTHR23XZ','teacher1','teacher',NULL,NULL,'http://localhost/global_assets/images/user.png',NULL,NULL,NULL,NULL,NULL,NULL,NULL,NULL,'$2y$10$mSdMLqo5TtzppV.GQvxxsOwKCaBwbcm0whEuLKX84cKtRLOOkZmza','E64mFxWmOO',NULL,NULL),
(8,'Accountant 1','accountant1@accountant.com','F3LCN4JWZW','accountant1','accountant',NULL,NULL,'http://localhost/global_assets/images/user.png',NULL,NULL,NULL,NULL,NULL,NULL,NULL,NULL,'$2y$10$LCB6MdojzST.pQotYnK6s.dbsmh2QV4rZC5ajHInJLRmK3YYKR8Tm','lmCToj0UmP',NULL,NULL),
(9,'Parent 1','parent1@parent.com','0ZIZTM0HKI','parent1','parent',NULL,NULL,'http://localhost/global_assets/images/user.png',NULL,NULL,NULL,NULL,NULL,NULL,NULL,NULL,'$2y$10$0UCnW5lNsOyOFfPRnsXh..zDQ6TDzHBBzKNJq4nktJ87v783J8lgq','RFrwKmY7gU',NULL,NULL),
(10,'Admin 2','admin2@admin.com','LT3AS3LS6W','admin2','admin',NULL,NULL,'http://localhost/global_assets/images/user.png',NULL,NULL,NULL,NULL,NULL,NULL,NULL,NULL,'$2y$10$3nzyMaB1.iDAS2K3eRvTpOqAICyhJS92xWJqR05nyCy57bwmrn0he','deg0K06Uky',NULL,NULL),
(11,'Teacher 2','teacher2@teacher.com','CTIHA8O7MC','teacher2','teacher',NULL,NULL,'http://localhost/global_assets/images/user.png',NULL,NULL,NULL,NULL,NULL,NULL,NULL,NULL,'$2y$10$2f8i/GuDxo7ucOLDGJnuyeWgp/lokiET0arUTBl4G3CMjliXmOJyS','sSpYPz4iR6',NULL,NULL),
(12,'Accountant 2','accountant2@accountant.com','N0H7Z8KWGX','accountant2','accountant',NULL,NULL,'http://localhost/global_assets/images/user.png',NULL,NULL,NULL,NULL,NULL,NULL,NULL,NULL,'$2y$10$sOzWxJvE7wNv9XQxB1LACO8z2lThOIUL.4zIza/URdLnN6TnUtm6i','1HHlCv5bBu',NULL,NULL),
(13,'Parent 2','parent2@parent.com','CUIVLP7VP7','parent2','parent',NULL,NULL,'http://localhost/global_assets/images/user.png',NULL,NULL,NULL,NULL,NULL,NULL,NULL,NULL,'$2y$10$y9/XvXdPKMhn3WvPDiPP5e7Znp.sEn4G5GIevMdpuhUmh2M6Xw.Uq','bmwDRh3oeI',NULL,NULL),
(14,'Admin 3','admin3@admin.com','QQ6TWNWZXD','admin3','admin',NULL,NULL,'http://localhost/global_assets/images/user.png',NULL,NULL,NULL,NULL,NULL,NULL,NULL,NULL,'$2y$10$azFv3PSH7s5CUq0tvJXqPuc7VNUXG8mT3pNL.WBqnHEnxkwq5PAY6','uh9EadUlJW',NULL,NULL),
(15,'Teacher 3','teacher3@teacher.com','GQEMW1FB7D','teacher3','teacher',NULL,NULL,'http://localhost/global_assets/images/user.png',NULL,NULL,NULL,NULL,NULL,NULL,NULL,NULL,'$2y$10$R1AQLr3TE.Ck3s9dVUoEHOcHldD2hpn7vyy7INpk5vsnLevWRqd5y','6NQCbM8idw',NULL,NULL),
(16,'Accountant 3','accountant3@accountant.com','5FWL5ZW4O3','accountant3','accountant',NULL,NULL,'http://localhost/global_assets/images/user.png',NULL,NULL,NULL,NULL,NULL,NULL,NULL,NULL,'$2y$10$4zLb3L3rZjDXng0JNro95eRul3Y26GFXz66tGuWC1o7bn1ROr6gVa','V6ApxdnJVk',NULL,NULL),
(17,'Parent 3','parent3@parent.com','XKK87RD9VP','parent3','parent',NULL,NULL,'http://localhost/global_assets/images/user.png',NULL,NULL,NULL,NULL,NULL,NULL,NULL,NULL,'$2y$10$qnnAmda03W/ySmc/skGTBux9Ml6JdjX/2Y8Cc8QWuyBjorJqGmtMq','UnGU8Tul8Z',NULL,NULL),
(18,'Student CJ','student@student.com','9QLBHKDQDA','student','student',NULL,NULL,'http://localhost/global_assets/images/user.png',NULL,NULL,NULL,NULL,NULL,NULL,NULL,NULL,'$2y$10$ByRvzfm8tQCr6IjBiJG5cur0cXU9Pk70mUPu278RxUDCS/kRP2woi','eTx80yKqdZ','2022-08-10 20:27:14','2022-08-10 20:27:14'),
(19,'Alfred Dietrich','qbruen@example.net','OJTIYAECQB','addie.steuber','student',NULL,NULL,'http://localhost/global_assets/images/user.png',NULL,NULL,NULL,NULL,NULL,NULL,NULL,NULL,'$2y$10$.79AoohdiKgHQedUNF4syOFjTsvdK6mshQA6tUsdX9MsfOl.HtpHm','bM609w3Lpm','2022-08-10 20:27:14','2022-08-10 20:27:14'),
(20,'Mr. Grady Welch','brianne96@example.com','ZDJTUWTFAW','bergstrom.dion','student',NULL,NULL,'http://localhost/global_assets/images/user.png',NULL,NULL,NULL,NULL,NULL,NULL,NULL,NULL,'$2y$10$.79AoohdiKgHQedUNF4syOFjTsvdK6mshQA6tUsdX9MsfOl.HtpHm','7Dy9EXNzRD','2022-08-10 20:27:14','2022-08-10 20:27:14'),
(21,'Vivian Schamberger','fokuneva@example.net','CLPXDFG4RL','jhartmann','student',NULL,NULL,'http://localhost/global_assets/images/user.png',NULL,NULL,NULL,NULL,NULL,NULL,NULL,NULL,'$2y$10$.79AoohdiKgHQedUNF4syOFjTsvdK6mshQA6tUsdX9MsfOl.HtpHm','rf2qLx6ENI','2022-08-10 20:27:14','2022-08-10 20:27:14'),
(22,'Juliana Rice','dfriesen@example.org','K6URRKOMBA','gleason.elliot','student',NULL,NULL,'http://localhost/global_assets/images/user.png',NULL,NULL,NULL,NULL,NULL,NULL,NULL,NULL,'$2y$10$TtnTj5oa9iUoe4eHWjAwuuCQ10tehYNujfmk62y0lAGkPV/dkR7b6','b6TP8e1uRj','2022-08-10 20:27:15','2022-08-10 20:27:15'),
(23,'Carmel Cummings','kdickens@example.net','O2PGTPOI8R','athena.davis','student',NULL,NULL,'http://localhost/global_assets/images/user.png',NULL,NULL,NULL,NULL,NULL,NULL,NULL,NULL,'$2y$10$TtnTj5oa9iUoe4eHWjAwuuCQ10tehYNujfmk62y0lAGkPV/dkR7b6','bTwaJh0WKl','2022-08-10 20:27:15','2022-08-10 20:27:15'),
(24,'Rosalinda Veum','vena69@example.net','QW6WJBQAD9','ethelyn.kautzer','student',NULL,NULL,'http://localhost/global_assets/images/user.png',NULL,NULL,NULL,NULL,NULL,NULL,NULL,NULL,'$2y$10$TtnTj5oa9iUoe4eHWjAwuuCQ10tehYNujfmk62y0lAGkPV/dkR7b6','GxoCmnZK5k','2022-08-10 20:27:15','2022-08-10 20:27:15'),
(25,'Dr. Ansel Spinka DDS','rubye32@example.net','F80XNCJREG','ohermann','student',NULL,NULL,'http://localhost/global_assets/images/user.png',NULL,NULL,NULL,NULL,NULL,NULL,NULL,NULL,'$2y$10$W0oDRmgc02o.zyUlFrt9DumZvr7G/TnuKH5pZpX2NtFBzYvDmo09W','MEi6VaGNQ3','2022-08-10 20:27:15','2022-08-10 20:27:15'),
(26,'Mr. Savion Walter DVM','rosenbaum.lora@example.net','K3IT8VEERG','adam60','student',NULL,NULL,'http://localhost/global_assets/images/user.png',NULL,NULL,NULL,NULL,NULL,NULL,NULL,NULL,'$2y$10$W0oDRmgc02o.zyUlFrt9DumZvr7G/TnuKH5pZpX2NtFBzYvDmo09W','w4KFg6uEdN','2022-08-10 20:27:15','2022-08-10 20:27:15'),
(27,'Frederic Goyette MD','horeilly@example.net','IYOTUPBJ2D','nicolas.salvador','student',NULL,NULL,'http://localhost/global_assets/images/user.png',NULL,NULL,NULL,NULL,NULL,NULL,NULL,NULL,'$2y$10$W0oDRmgc02o.zyUlFrt9DumZvr7G/TnuKH5pZpX2NtFBzYvDmo09W','2L8Nd1doGB','2022-08-10 20:27:15','2022-08-10 20:27:15'),
(28,'Daisy Watsica','larue31@example.org','I60V5ED92Y','luther.sanford','student',NULL,NULL,'http://localhost/global_assets/images/user.png',NULL,NULL,NULL,NULL,NULL,NULL,NULL,NULL,'$2y$10$bcNEVyyLPCltrVg3wLKOo.WC6J/J55fQCW7S79ZigDCvbFAvbDcUC','NgnR1S5pOz','2022-08-10 20:27:16','2022-08-10 20:27:16'),
(29,'Ms. Queenie Hill','dorothea98@example.net','0YH3ZPETKC','sammie.west','student',NULL,NULL,'http://localhost/global_assets/images/user.png',NULL,NULL,NULL,NULL,NULL,NULL,NULL,NULL,'$2y$10$bcNEVyyLPCltrVg3wLKOo.WC6J/J55fQCW7S79ZigDCvbFAvbDcUC','yxJsplELmx','2022-08-10 20:27:16','2022-08-10 20:27:16'),
(30,'Maurine Lockman','eve.zemlak@example.org','YNWCE5IYPR','hackett.walter','student',NULL,NULL,'http://localhost/global_assets/images/user.png',NULL,NULL,NULL,NULL,NULL,NULL,NULL,NULL,'$2y$10$bcNEVyyLPCltrVg3wLKOo.WC6J/J55fQCW7S79ZigDCvbFAvbDcUC','TctWTbl8jk','2022-08-10 20:27:16','2022-08-10 20:27:16'),
(31,'Prof. Marlene Baumbach','schumm.samanta@example.net','SXTGQ3IQHW','nannie.huel','student',NULL,NULL,'http://localhost/global_assets/images/user.png',NULL,NULL,NULL,NULL,NULL,NULL,NULL,NULL,'$2y$10$pBFwSpPKhmKfONy/nhIS6Ow2.b2GtBLclIjVlsJdj/7MY7qthGPeq','nboST0DCDB','2022-08-10 20:27:16','2022-08-10 20:27:16'),
(32,'Kali Jenkins V','cbuckridge@example.net','DII0DHSMSR','bryana87','student',NULL,NULL,'http://localhost/global_assets/images/user.png',NULL,NULL,NULL,NULL,NULL,NULL,NULL,NULL,'$2y$10$pBFwSpPKhmKfONy/nhIS6Ow2.b2GtBLclIjVlsJdj/7MY7qthGPeq','meIPZLpnuV','2022-08-10 20:27:16','2022-08-10 20:27:16'),
(33,'Dock Berge','vstroman@example.net','6FMU7SAECQ','tevin.dibbert','student',NULL,NULL,'http://localhost/global_assets/images/user.png',NULL,NULL,NULL,NULL,NULL,NULL,NULL,NULL,'$2y$10$pBFwSpPKhmKfONy/nhIS6Ow2.b2GtBLclIjVlsJdj/7MY7qthGPeq','UmWvRa1R6h','2022-08-10 20:27:16','2022-08-10 20:27:16'),
(34,'Prof. Raheem O\'Hara V','leonora38@example.net','HLRQODPKP8','schroeder.chasity','student',NULL,NULL,'http://localhost/global_assets/images/user.png',NULL,NULL,NULL,NULL,NULL,NULL,NULL,NULL,'$2y$10$.C4fzhvqd4FuE/i1DVGzy.Sw07d7uWHR4TAhHWLPixVeQgJ6e8kga','RXCNzDdwMI','2022-08-10 20:27:16','2022-08-10 20:27:16'),
(35,'Mrs. Sincere Nitzsche','neil.ziemann@example.net','5RYYEHQBBQ','dexter.roob','student',NULL,NULL,'http://localhost/global_assets/images/user.png',NULL,NULL,NULL,NULL,NULL,NULL,NULL,NULL,'$2y$10$.C4fzhvqd4FuE/i1DVGzy.Sw07d7uWHR4TAhHWLPixVeQgJ6e8kga','nRV13LoMzM','2022-08-10 20:27:16','2022-08-10 20:27:16'),
(36,'Mona Barton Jr.','bhowell@example.com','S3JY94ENBM','anabelle.powlowski','student',NULL,NULL,'http://localhost/global_assets/images/user.png',NULL,NULL,NULL,NULL,NULL,NULL,NULL,NULL,'$2y$10$.C4fzhvqd4FuE/i1DVGzy.Sw07d7uWHR4TAhHWLPixVeQgJ6e8kga','4Vp3X5pTHo','2022-08-10 20:27:16','2022-08-10 20:27:16'),
(37,'Madison Schoen','hrippin@example.net','6YBDR8ZLRZ','dheathcote','student',NULL,NULL,'http://localhost/global_assets/images/user.png',NULL,NULL,NULL,NULL,NULL,NULL,NULL,NULL,'$2y$10$T963rO6XnqQrYG1KEVEY5.SI3YXF653r7leWpC25Ytsw055Zy3OHC','E4Kz7EgKyF','2022-08-10 20:27:17','2022-08-10 20:27:17'),
(38,'Lauryn Dicki','abshire.ludwig@example.org','7EC96VZXMJ','thessel','student',NULL,NULL,'http://localhost/global_assets/images/user.png',NULL,NULL,NULL,NULL,NULL,NULL,NULL,NULL,'$2y$10$T963rO6XnqQrYG1KEVEY5.SI3YXF653r7leWpC25Ytsw055Zy3OHC','w4xKIDSC7q','2022-08-10 20:27:17','2022-08-10 20:27:17'),
(39,'Miss Estefania Ortiz','garrick.mertz@example.org','5JIVDP79Q0','stokes.laisha','student',NULL,NULL,'http://localhost/global_assets/images/user.png',NULL,NULL,NULL,NULL,NULL,NULL,NULL,NULL,'$2y$10$T963rO6XnqQrYG1KEVEY5.SI3YXF653r7leWpC25Ytsw055Zy3OHC','sprQ7DTCk4','2022-08-10 20:27:17','2022-08-10 20:27:17'),
(40,'Dr. Abner Prohaska V','mosciski.josh@example.com','UYVD3RAHJC','spinka.misty','student',NULL,NULL,'http://localhost/global_assets/images/user.png',NULL,NULL,NULL,NULL,NULL,NULL,NULL,NULL,'$2y$10$Xb25iGxoN3gxgFulMnIF6.qnSQJS69lsIUWNxqfi6ve9RS.be44fe','ctELqMBfFj','2022-08-10 20:27:17','2022-08-10 20:27:17'),
(41,'Margie Heaney','fhermann@example.org','Y5BILTPUGP','jaylen.zemlak','student',NULL,NULL,'http://localhost/global_assets/images/user.png',NULL,NULL,NULL,NULL,NULL,NULL,NULL,NULL,'$2y$10$Xb25iGxoN3gxgFulMnIF6.qnSQJS69lsIUWNxqfi6ve9RS.be44fe','ca3cRfWS0y','2022-08-10 20:27:17','2022-08-10 20:27:17'),
(42,'Prof. Tania Gusikowski','tracy.donnelly@example.com','YX21RSZEX8','abuckridge','student',NULL,NULL,'http://localhost/global_assets/images/user.png',NULL,NULL,NULL,NULL,NULL,NULL,NULL,NULL,'$2y$10$Xb25iGxoN3gxgFulMnIF6.qnSQJS69lsIUWNxqfi6ve9RS.be44fe','JGt2dC3Djg','2022-08-10 20:27:17','2022-08-10 20:27:17'),
(43,'Dr. Hosea Schamberger V','fpagac@example.net','0TPJQKLBBI','madilyn88','student',NULL,NULL,'http://localhost/global_assets/images/user.png',NULL,NULL,NULL,NULL,NULL,NULL,NULL,NULL,'$2y$10$fpguoGDHZ5H5afJcG6xgXujOLPpERIQbgZ1fiPOePjQl6EbYHlFFO','btG4lTuE9w','2022-08-10 20:27:17','2022-08-10 20:27:17'),
(44,'Alvah King','raul.mccullough@example.com','K9MCDKZEC7','tillman.fahey','student',NULL,NULL,'http://localhost/global_assets/images/user.png',NULL,NULL,NULL,NULL,NULL,NULL,NULL,NULL,'$2y$10$fpguoGDHZ5H5afJcG6xgXujOLPpERIQbgZ1fiPOePjQl6EbYHlFFO','JtdKKi2U14','2022-08-10 20:27:17','2022-08-10 20:27:17'),
(45,'Maggie Lowe','wolff.afton@example.net','LNJO4FL5TC','ruecker.heber','student',NULL,NULL,'http://localhost/global_assets/images/user.png',NULL,NULL,NULL,NULL,NULL,NULL,NULL,NULL,'$2y$10$fpguoGDHZ5H5afJcG6xgXujOLPpERIQbgZ1fiPOePjQl6EbYHlFFO','8UVsqZEbVG','2022-08-10 20:27:17','2022-08-10 20:27:17'),
(46,'Kenyatta Gerhold','blanche.schmidt@example.net','Y3EZGXZR4P','satterfield.omari','student',NULL,NULL,'http://localhost/global_assets/images/user.png',NULL,NULL,NULL,NULL,NULL,NULL,NULL,NULL,'$2y$10$DgWWW7fukFDkERIs4kMKguOlKRSiMOIQvmC/tJYVmURm3YLrWbXXa','RfyD68KoK3','2022-08-10 20:27:18','2022-08-10 20:27:18'),
(47,'Margret Bernhard V','kirk.reinger@example.com','NSMHPY5VM6','roxane72','student',NULL,NULL,'http://localhost/global_assets/images/user.png',NULL,NULL,NULL,NULL,NULL,NULL,NULL,NULL,'$2y$10$DgWWW7fukFDkERIs4kMKguOlKRSiMOIQvmC/tJYVmURm3YLrWbXXa','VtX9uNkgYJ','2022-08-10 20:27:18','2022-08-10 20:27:18'),
(48,'Ron Simonis','elton.hessel@example.org','IR4S1QTQXA','madie.walter','student',NULL,NULL,'http://localhost/global_assets/images/user.png',NULL,NULL,NULL,NULL,NULL,NULL,NULL,NULL,'$2y$10$DgWWW7fukFDkERIs4kMKguOlKRSiMOIQvmC/tJYVmURm3YLrWbXXa','Or0g9LzJrA','2022-08-10 20:27:18','2022-08-10 20:27:18'),
(49,'Mrs. Tania Sawayn III','nils33@example.net','MY2E0OHMU5','schiller.colleen','student',NULL,NULL,'http://localhost/global_assets/images/user.png',NULL,NULL,NULL,NULL,NULL,NULL,NULL,NULL,'$2y$10$PHUBwZmhH.WTAIZ7YA.h9uLWRjLCHX0VlJJa/K2c4SaQJJPIdKIPO','ANjaPwZRcr','2022-08-10 20:27:18','2022-08-10 20:27:18'),
(50,'Dr. Addie Hettinger DDS','sandra63@example.org','5RLISOWERT','junius.hammes','student',NULL,NULL,'http://localhost/global_assets/images/user.png',NULL,NULL,NULL,NULL,NULL,NULL,NULL,NULL,'$2y$10$PHUBwZmhH.WTAIZ7YA.h9uLWRjLCHX0VlJJa/K2c4SaQJJPIdKIPO','KMF6ylMJxF','2022-08-10 20:27:18','2022-08-10 20:27:18'),
(51,'Miss Abby Macejkovic I','moore.tina@example.com','JPY06OGABR','predovic.lillian','student',NULL,NULL,'http://localhost/global_assets/images/user.png',NULL,NULL,NULL,NULL,NULL,NULL,NULL,NULL,'$2y$10$PHUBwZmhH.WTAIZ7YA.h9uLWRjLCHX0VlJJa/K2c4SaQJJPIdKIPO','HcOmJxvYxl','2022-08-10 20:27:18','2022-08-10 20:27:18'),
(52,'Mr. Carmel Miller I','rossie.keebler@example.net','YDQVA7XMG5','mueller.elenor','student',NULL,NULL,'http://localhost/global_assets/images/user.png',NULL,NULL,NULL,NULL,NULL,NULL,NULL,NULL,'$2y$10$96PjyITWlDAIUyhrU7C5r.VcbOGLSzORKGkvPiESjUR3.l5LVCTCC','Q4ZPvlgAoV','2022-08-10 20:27:18','2022-08-10 20:27:18'),
(53,'Nina Macejkovic','metz.cecil@example.com','A9XH9DBUJJ','ova05','student',NULL,NULL,'http://localhost/global_assets/images/user.png',NULL,NULL,NULL,NULL,NULL,NULL,NULL,NULL,'$2y$10$96PjyITWlDAIUyhrU7C5r.VcbOGLSzORKGkvPiESjUR3.l5LVCTCC','mWgbn9RIHh','2022-08-10 20:27:18','2022-08-10 20:27:18'),
(54,'Gunner Gaylord I','qhettinger@example.net','MLLU83ZCTQ','maribel21','student',NULL,NULL,'http://localhost/global_assets/images/user.png',NULL,NULL,NULL,NULL,NULL,NULL,NULL,NULL,'$2y$10$96PjyITWlDAIUyhrU7C5r.VcbOGLSzORKGkvPiESjUR3.l5LVCTCC','JUCmRIBfdV','2022-08-10 20:27:18','2022-08-10 20:27:18'),
(55,'Testuser','asdasd@gmail.com','SOKG7AMJHC','asdasdaasdasdas','admin',NULL,'Male','http://127.0.0.1:8000/storage/uploads/admin/SOKG7AMJHC/photo.jpg','3534534534534','2342234234234',7,21,424,136,'address sadssss',NULL,'$2y$10$kQtNP0IeeHvMaaYbAn.X.ORBccIcJfVPraZY9rOvHCAno/vGK8Ar6',NULL,'2022-08-10 20:33:05','2022-08-10 20:33:05');

/*!40101 SET SQL_MODE=@OLD_SQL_MODE */;
/*!40014 SET FOREIGN_KEY_CHECKS=@OLD_FOREIGN_KEY_CHECKS */;
/*!40014 SET UNIQUE_CHECKS=@OLD_UNIQUE_CHECKS */;
/*!40111 SET SQL_NOTES=@OLD_SQL_NOTES */;
